date,closing_price,clolag_1,price_diff,prilag_1,prilag_2,prilag_3,prilag_4,prilag_5
2023-05-11,98.35,97.85,0.5,0.5099999999999909,0.21999999999999886,0.9900000000000091,0.36999999999999034,-2.530000000000001
2023-05-12,98.96,98.35,0.6099999999999994,0.5,0.5099999999999909,0.21999999999999886,0.9900000000000091,0.36999999999999034
2023-05-15,98.5,98.96,-0.45999999999999375,0.6099999999999994,0.5,0.5099999999999909,0.21999999999999886,0.9900000000000091
2023-05-16,97.59,98.5,-0.9099999999999966,-0.45999999999999375,0.6099999999999994,0.5,0.5099999999999909,0.21999999999999886
2023-05-17,97.14,97.59,-0.45000000000000284,-0.9099999999999966,-0.45999999999999375,0.6099999999999994,0.5,0.5099999999999909
2023-05-18,98.0,97.14,0.8599999999999994,-0.45000000000000284,-0.9099999999999966,-0.45999999999999375,0.6099999999999994,0.5
2023-05-19,99.8,98.0,1.7999999999999972,0.8599999999999994,-0.45000000000000284,-0.9099999999999966,-0.45999999999999375,0.6099999999999994
2023-05-22,98.9,99.8,-0.8999999999999915,1.7999999999999972,0.8599999999999994,-0.45000000000000284,-0.9099999999999966,-0.45999999999999375
2023-05-23,99.44,98.9,0.539999999999992,-0.8999999999999915,1.7999999999999972,0.8599999999999994,-0.45000000000000284,-0.9099999999999966
2023-05-24,99.93,99.44,0.4900000000000091,0.539999999999992,-0.8999999999999915,1.7999999999999972,0.8599999999999994,-0.45000000000000284
2023-05-25,97.72,99.93,-2.210000000000008,0.4900000000000091,0.539999999999992,-0.8999999999999915,1.7999999999999972,0.8599999999999994
2023-05-26,98.16,97.72,0.4399999999999977,-2.210000000000008,0.4900000000000091,0.539999999999992,-0.8999999999999915,1.7999999999999972
2023-05-29,99.57,98.16,1.4099999999999966,0.4399999999999977,-2.210000000000008,0.4900000000000091,0.539999999999992,-0.8999999999999915
2023-05-30,99.18,99.57,-0.38999999999998636,1.4099999999999966,0.4399999999999977,-2.210000000000008,0.4900000000000091,0.539999999999992
2023-05-31,96.78,99.18,-2.4000000000000057,-0.38999999999998636,1.4099999999999966,0.4399999999999977,-2.210000000000008,0.4900000000000091
2023-06-01,96.8,96.78,0.01999999999999602,-2.4000000000000057,-0.38999999999998636,1.4099999999999966,0.4399999999999977,-2.210000000000008
2023-06-02,96.91,96.8,0.10999999999999943,0.01999999999999602,-2.4000000000000057,-0.38999999999998636,1.4099999999999966,0.4399999999999977
2023-06-05,97.5,96.91,0.5900000000000034,0.10999999999999943,0.01999999999999602,-2.4000000000000057,-0.38999999999998636,1.4099999999999966
2023-06-06,96.56,97.5,-0.9399999999999977,0.5900000000000034,0.10999999999999943,0.01999999999999602,-2.4000000000000057,-0.38999999999998636
2023-06-07,95.69,96.56,-0.8700000000000045,-0.9399999999999977,0.5900000000000034,0.10999999999999943,0.01999999999999602,-2.4000000000000057
2023-06-08,95.89,95.69,0.20000000000000284,-0.8700000000000045,-0.9399999999999977,0.5900000000000034,0.10999999999999943,0.01999999999999602
2023-06-09,95.8,95.89,-0.09000000000000341,0.20000000000000284,-0.8700000000000045,-0.9399999999999977,0.5900000000000034,0.10999999999999943
2023-06-13,96.52,95.8,0.7199999999999989,-0.09000000000000341,0.20000000000000284,-0.8700000000000045,-0.9399999999999977,0.5900000000000034
2023-06-14,97.37,96.52,0.8500000000000085,0.7199999999999989,-0.09000000000000341,0.20000000000000284,-0.8700000000000045,-0.9399999999999977
2023-06-15,97.99,97.37,0.6199999999999903,0.8500000000000085,0.7199999999999989,-0.09000000000000341,0.20000000000000284,-0.8700000000000045
2023-06-16,99.35,97.99,1.3599999999999994,0.6199999999999903,0.8500000000000085,0.7199999999999989,-0.09000000000000341,0.20000000000000284
2023-06-19,100.51,99.35,1.1600000000000108,1.3599999999999994,0.6199999999999903,0.8500000000000085,0.7199999999999989,-0.09000000000000341
2023-06-20,101.62,100.51,1.1099999999999994,1.1600000000000108,1.3599999999999994,0.6199999999999903,0.8500000000000085,0.7199999999999989
2023-06-21,101.68,101.62,0.060000000000002274,1.1099999999999994,1.1600000000000108,1.3599999999999994,0.6199999999999903,0.8500000000000085
2023-06-22,100.08,101.68,-1.6000000000000085,0.060000000000002274,1.1099999999999994,1.1600000000000108,1.3599999999999994,0.6199999999999903
2023-06-23,98.51,100.08,-1.5699999999999932,-1.6000000000000085,0.060000000000002274,1.1099999999999994,1.1600000000000108,1.3599999999999994
2023-06-26,97.93,98.51,-0.5799999999999983,-1.5699999999999932,-1.6000000000000085,0.060000000000002274,1.1099999999999994,1.1600000000000108
2023-06-27,98.43,97.93,0.5,-0.5799999999999983,-1.5699999999999932,-1.6000000000000085,0.060000000000002274,1.1099999999999994
2023-06-28,99.54,98.43,1.1099999999999994,0.5,-0.5799999999999983,-1.5699999999999932,-1.6000000000000085,0.060000000000002274
2023-06-29,100.07,99.54,0.5299999999999869,1.1099999999999994,0.5,-0.5799999999999983,-1.5699999999999932,-1.6000000000000085
2023-06-30,100.27,100.07,0.20000000000000284,0.5299999999999869,1.1099999999999994,0.5,-0.5799999999999983,-1.5699999999999932
2023-07-03,100.94,100.27,0.6700000000000017,0.20000000000000284,0.5299999999999869,1.1099999999999994,0.5,-0.5799999999999983
2023-07-04,102.28,100.94,1.3400000000000034,0.6700000000000017,0.20000000000000284,0.5299999999999869,1.1099999999999994,0.5
2023-07-05,101.78,102.28,-0.5,1.3400000000000034,0.6700000000000017,0.20000000000000284,0.5299999999999869,1.1099999999999994
2023-07-06,100.43,101.78,-1.3499999999999943,-0.5,1.3400000000000034,0.6700000000000017,0.20000000000000284,0.5299999999999869
2023-07-07,98.73,100.43,-1.7000000000000028,-1.3499999999999943,-0.5,1.3400000000000034,0.6700000000000017,0.20000000000000284
2023-07-10,98.52,98.73,-0.21000000000000796,-1.7000000000000028,-1.3499999999999943,-0.5,1.3400000000000034,0.6700000000000017
2023-07-11,99.62,98.52,1.1000000000000085,-0.21000000000000796,-1.7000000000000028,-1.3499999999999943,-0.5,1.3400000000000034
2023-07-12,99.15,99.62,-0.46999999999999886,1.1000000000000085,-0.21000000000000796,-1.7000000000000028,-1.3499999999999943,-0.5
2023-07-13,100.62,99.15,1.4699999999999989,-0.46999999999999886,1.1000000000000085,-0.21000000000000796,-1.7000000000000028,-1.3499999999999943
2023-07-14,101.33,100.62,0.7099999999999937,1.4699999999999989,-0.46999999999999886,1.1000000000000085,-0.21000000000000796,-1.7000000000000028
2023-07-17,101.87,101.33,0.5400000000000063,0.7099999999999937,1.4699999999999989,-0.46999999999999886,1.1000000000000085,-0.21000000000000796
2023-07-18,102.57,101.87,0.6999999999999886,0.5400000000000063,0.7099999999999937,1.4699999999999989,-0.46999999999999886,1.1000000000000085
2023-07-19,104.65,102.57,2.0800000000000125,0.6999999999999886,0.5400000000000063,0.7099999999999937,1.4699999999999989,-0.46999999999999886
2023-07-20,105.25,104.65,0.5999999999999943,2.0800000000000125,0.6999999999999886,0.5400000000000063,0.7099999999999937,1.4699999999999989
2023-07-21,104.55,105.25,-0.7000000000000028,0.5999999999999943,2.0800000000000125,0.6999999999999886,0.5400000000000063,0.7099999999999937
2023-07-24,104.43,104.55,-0.11999999999999034,-0.7000000000000028,0.5999999999999943,2.0800000000000125,0.6999999999999886,0.5400000000000063
2023-07-25,104.2,104.43,-0.23000000000000398,-0.11999999999999034,-0.7000000000000028,0.5999999999999943,2.0800000000000125,0.6999999999999886
2023-07-26,105.0,104.2,0.7999999999999972,-0.23000000000000398,-0.11999999999999034,-0.7000000000000028,0.5999999999999943,2.0800000000000125
2023-07-27,106.53,105.0,1.5300000000000011,0.7999999999999972,-0.23000000000000398,-0.11999999999999034,-0.7000000000000028,0.5999999999999943
2023-07-28,105.5,106.53,-1.0300000000000011,1.5300000000000011,0.7999999999999972,-0.23000000000000398,-0.11999999999999034,-0.7000000000000028
2023-07-31,105.71,105.5,0.20999999999999375,-1.0300000000000011,1.5300000000000011,0.7999999999999972,-0.23000000000000398,-0.11999999999999034
2023-08-01,105.85,105.71,0.14000000000000057,0.20999999999999375,-1.0300000000000011,1.5300000000000011,0.7999999999999972,-0.23000000000000398
2023-08-02,103.46,105.85,-2.3900000000000006,0.14000000000000057,0.20999999999999375,-1.0300000000000011,1.5300000000000011,0.7999999999999972
2023-08-03,102.46,103.46,-1.0,-2.3900000000000006,0.14000000000000057,0.20999999999999375,-1.0300000000000011,1.5300000000000011
2023-08-04,101.87,102.46,-0.5899999999999892,-1.0,-2.3900000000000006,0.14000000000000057,0.20999999999999375,-1.0300000000000011
2023-08-07,101.85,101.87,-0.020000000000010232,-0.5899999999999892,-1.0,-2.3900000000000006,0.14000000000000057,0.20999999999999375
2023-08-08,102.21,101.85,0.35999999999999943,-0.020000000000010232,-0.5899999999999892,-1.0,-2.3900000000000006,0.14000000000000057
2023-08-09,104.85,102.21,2.6400000000000006,0.35999999999999943,-0.020000000000010232,-0.5899999999999892,-1.0,-2.3900000000000006
2023-08-10,104.47,104.85,-0.37999999999999545,2.6400000000000006,0.35999999999999943,-0.020000000000010232,-0.5899999999999892,-1.0
2023-08-11,104.4,104.47,-0.06999999999999318,-0.37999999999999545,2.6400000000000006,0.35999999999999943,-0.020000000000010232,-0.5899999999999892
2023-08-14,103.7,104.4,-0.7000000000000028,-0.06999999999999318,-0.37999999999999545,2.6400000000000006,0.35999999999999943,-0.020000000000010232
2023-08-15,103.51,103.7,-0.18999999999999773,-0.7000000000000028,-0.06999999999999318,-0.37999999999999545,2.6400000000000006,0.35999999999999943
2023-08-16,99.79,103.51,-3.719999999999999,-0.18999999999999773,-0.7000000000000028,-0.06999999999999318,-0.37999999999999545,2.6400000000000006
2023-08-17,99.65,99.79,-0.14000000000000057,-3.719999999999999,-0.18999999999999773,-0.7000000000000028,-0.06999999999999318,-0.37999999999999545
2023-08-18,99.05,99.65,-0.6000000000000085,-0.14000000000000057,-3.719999999999999,-0.18999999999999773,-0.7000000000000028,-0.06999999999999318
2023-08-21,98.45,99.05,-0.5999999999999943,-0.6000000000000085,-0.14000000000000057,-3.719999999999999,-0.18999999999999773,-0.7000000000000028
2023-08-22,98.67,98.45,0.21999999999999886,-0.5999999999999943,-0.6000000000000085,-0.14000000000000057,-3.719999999999999,-0.18999999999999773
2023-08-23,99.45,98.67,0.7800000000000011,0.21999999999999886,-0.5999999999999943,-0.6000000000000085,-0.14000000000000057,-3.719999999999999
2023-08-24,100.61,99.45,1.1599999999999966,0.7800000000000011,0.21999999999999886,-0.5999999999999943,-0.6000000000000085,-0.14000000000000057
2023-08-25,99.57,100.61,-1.0400000000000063,1.1599999999999966,0.7800000000000011,0.21999999999999886,-0.5999999999999943,-0.6000000000000085
2023-08-28,100.78,99.57,1.210000000000008,-1.0400000000000063,1.1599999999999966,0.7800000000000011,0.21999999999999886,-0.5999999999999943
2023-08-29,101.03,100.78,0.25,1.210000000000008,-1.0400000000000063,1.1599999999999966,0.7800000000000011,0.21999999999999886
2023-08-30,101.84,101.03,0.8100000000000023,0.25,1.210000000000008,-1.0400000000000063,1.1599999999999966,0.7800000000000011
2023-08-31,102.18,101.84,0.3400000000000034,0.8100000000000023,0.25,1.210000000000008,-1.0400000000000063,1.1599999999999966
2023-09-01,101.35,102.18,-0.8300000000000125,0.3400000000000034,0.8100000000000023,0.25,1.210000000000008,-1.0400000000000063
2023-09-04,102.01,101.35,0.6600000000000108,-0.8300000000000125,0.3400000000000034,0.8100000000000023,0.25,1.210000000000008
2023-09-05,102.22,102.01,0.20999999999999375,0.6600000000000108,-0.8300000000000125,0.3400000000000034,0.8100000000000023,0.25
2023-09-06,101.51,102.22,-0.7099999999999937,0.20999999999999375,0.6600000000000108,-0.8300000000000125,0.3400000000000034,0.8100000000000023
2023-09-07,100.9,101.51,-0.6099999999999994,-0.7099999999999937,0.20999999999999375,0.6600000000000108,-0.8300000000000125,0.3400000000000034
2023-09-08,100.81,100.9,-0.09000000000000341,-0.6099999999999994,-0.7099999999999937,0.20999999999999375,0.6600000000000108,-0.8300000000000125
2023-09-11,102.04,100.81,1.230000000000004,-0.09000000000000341,-0.6099999999999994,-0.7099999999999937,0.20999999999999375,0.6600000000000108
2023-09-12,102.11,102.04,0.06999999999999318,1.230000000000004,-0.09000000000000341,-0.6099999999999994,-0.7099999999999937,0.20999999999999375
2023-09-13,101.7,102.11,-0.4099999999999966,0.06999999999999318,1.230000000000004,-0.09000000000000341,-0.6099999999999994,-0.7099999999999937
2023-09-14,102.13,101.7,0.4299999999999926,-0.4099999999999966,0.06999999999999318,1.230000000000004,-0.09000000000000341,-0.6099999999999994
2023-09-15,103.16,102.13,1.0300000000000011,0.4299999999999926,-0.4099999999999966,0.06999999999999318,1.230000000000004,-0.09000000000000341
2023-09-18,102.63,103.16,-0.5300000000000011,1.0300000000000011,0.4299999999999926,-0.4099999999999966,0.06999999999999318,1.230000000000004
2023-09-19,102.13,102.63,-0.5,-0.5300000000000011,1.0300000000000011,0.4299999999999926,-0.4099999999999966,0.06999999999999318
2023-09-20,101.84,102.13,-0.28999999999999204,-0.5,-0.5300000000000011,1.0300000000000011,0.4299999999999926,-0.4099999999999966
2023-09-21,100.08,101.84,-1.7600000000000051,-0.28999999999999204,-0.5,-0.5300000000000011,1.0300000000000011,0.4299999999999926
2023-09-22,100.06,100.08,-0.01999999999999602,-1.7600000000000051,-0.28999999999999204,-0.5,-0.5300000000000011,1.0300000000000011
2023-09-25,99.88,100.06,-0.18000000000000682,-0.01999999999999602,-1.7600000000000051,-0.28999999999999204,-0.5,-0.5300000000000011
2023-09-26,100.08,99.88,0.20000000000000284,-0.18000000000000682,-0.01999999999999602,-1.7600000000000051,-0.28999999999999204,-0.5
2023-09-27,100.53,100.08,0.45000000000000284,0.20000000000000284,-0.18000000000000682,-0.01999999999999602,-1.7600000000000051,-0.28999999999999204
2023-09-28,99.95,100.53,-0.5799999999999983,0.45000000000000284,0.20000000000000284,-0.18000000000000682,-0.01999999999999602,-1.7600000000000051
2023-09-29,99.97,99.95,0.01999999999999602,-0.5799999999999983,0.45000000000000284,0.20000000000000284,-0.18000000000000682,-0.01999999999999602
2023-10-02,99.85,99.97,-0.12000000000000455,0.01999999999999602,-0.5799999999999983,0.45000000000000284,0.20000000000000284,-0.18000000000000682
2023-10-03,99.69,99.85,-0.1599999999999966,-0.12000000000000455,0.01999999999999602,-0.5799999999999983,0.45000000000000284,0.20000000000000284
2023-10-04,98.09,99.69,-1.5999999999999943,-0.1599999999999966,-0.12000000000000455,0.01999999999999602,-0.5799999999999983,0.45000000000000284
2023-10-05,98.98,98.09,0.8900000000000006,-1.5999999999999943,-0.1599999999999966,-0.12000000000000455,0.01999999999999602,-0.5799999999999983
2023-10-06,100.04,98.98,1.0600000000000023,0.8900000000000006,-1.5999999999999943,-0.1599999999999966,-0.12000000000000455,0.01999999999999602
2023-10-09,100.03,100.04,-0.010000000000005116,1.0600000000000023,0.8900000000000006,-1.5999999999999943,-0.1599999999999966,-0.12000000000000455
2023-10-10,100.7,100.03,0.6700000000000017,-0.010000000000005116,1.0600000000000023,0.8900000000000006,-1.5999999999999943,-0.1599999999999966
2023-10-11,100.64,100.7,-0.060000000000002274,0.6700000000000017,-0.010000000000005116,1.0600000000000023,0.8900000000000006,-1.5999999999999943
2023-10-12,101.6,100.64,0.9599999999999937,-0.060000000000002274,0.6700000000000017,-0.010000000000005116,1.0600000000000023,0.8900000000000006
2023-10-13,100.97,101.6,-0.6299999999999955,0.9599999999999937,-0.060000000000002274,0.6700000000000017,-0.010000000000005116,1.0600000000000023
2023-10-16,100.67,100.97,-0.29999999999999716,-0.6299999999999955,0.9599999999999937,-0.060000000000002274,0.6700000000000017,-0.010000000000005116
2023-10-17,101.2,100.67,0.5300000000000011,-0.29999999999999716,-0.6299999999999955,0.9599999999999937,-0.060000000000002274,0.6700000000000017
2023-10-18,101.42,101.2,0.21999999999999886,0.5300000000000011,-0.29999999999999716,-0.6299999999999955,0.9599999999999937,-0.060000000000002274
2023-10-19,99.78,101.42,-1.6400000000000006,0.21999999999999886,0.5300000000000011,-0.29999999999999716,-0.6299999999999955,0.9599999999999937
2023-10-20,98.75,99.78,-1.0300000000000011,-1.6400000000000006,0.21999999999999886,0.5300000000000011,-0.29999999999999716,-0.6299999999999955
2023-10-23,97.82,98.75,-0.9300000000000068,-1.0300000000000011,-1.6400000000000006,0.21999999999999886,0.5300000000000011,-0.29999999999999716
2023-10-24,98.07,97.82,0.25,-0.9300000000000068,-1.0300000000000011,-1.6400000000000006,0.21999999999999886,0.5300000000000011
2023-10-25,97.35,98.07,-0.7199999999999989,0.25,-0.9300000000000068,-1.0300000000000011,-1.6400000000000006,0.21999999999999886
2023-10-26,97.0,97.35,-0.3499999999999943,-0.7199999999999989,0.25,-0.9300000000000068,-1.0300000000000011,-1.6400000000000006
2023-10-27,97.8,97.0,0.7999999999999972,-0.3499999999999943,-0.7199999999999989,0.25,-0.9300000000000068,-1.0300000000000011
2023-10-30,96.22,97.8,-1.5799999999999983,0.7999999999999972,-0.3499999999999943,-0.7199999999999989,0.25,-0.9300000000000068
2023-10-31,96.56,96.22,0.3400000000000034,-1.5799999999999983,0.7999999999999972,-0.3499999999999943,-0.7199999999999989,0.25
2023-11-01,96.87,96.56,0.3100000000000023,0.3400000000000034,-1.5799999999999983,0.7999999999999972,-0.3499999999999943,-0.7199999999999989
2023-11-02,98.43,96.87,1.5600000000000023,0.3100000000000023,0.3400000000000034,-1.5799999999999983,0.7999999999999972,-0.3499999999999943
2023-11-03,99.93,98.43,1.5,1.5600000000000023,0.3100000000000023,0.3400000000000034,-1.5799999999999983,0.7999999999999972
2023-11-06,100.42,99.93,0.4899999999999949,1.5,1.5600000000000023,0.3100000000000023,0.3400000000000034,-1.5799999999999983
2023-11-07,100.01,100.42,-0.4099999999999966,0.4899999999999949,1.5,1.5600000000000023,0.3100000000000023,0.3400000000000034
2023-11-08,100.69,100.01,0.6799999999999926,-0.4099999999999966,0.4899999999999949,1.5,1.5600000000000023,0.3100000000000023
2023-11-09,102.11,100.69,1.4200000000000017,0.6799999999999926,-0.4099999999999966,0.4899999999999949,1.5,1.5600000000000023
2023-11-10,101.32,102.11,-0.7900000000000063,1.4200000000000017,0.6799999999999926,-0.4099999999999966,0.4899999999999949,1.5
2023-11-13,101.31,101.32,-0.009999999999990905,-0.7900000000000063,1.4200000000000017,0.6799999999999926,-0.4099999999999966,0.4899999999999949
2023-11-14,102.28,101.31,0.9699999999999989,-0.009999999999990905,-0.7900000000000063,1.4200000000000017,0.6799999999999926,-0.4099999999999966
2023-11-15,102.15,102.28,-0.12999999999999545,0.9699999999999989,-0.009999999999990905,-0.7900000000000063,1.4200000000000017,0.6799999999999926
2023-11-16,102.29,102.15,0.14000000000000057,-0.12999999999999545,0.9699999999999989,-0.009999999999990905,-0.7900000000000063,1.4200000000000017
2023-11-17,102.47,102.29,0.1799999999999926,0.14000000000000057,-0.12999999999999545,0.9699999999999989,-0.009999999999990905,-0.7900000000000063
2023-11-20,103.17,102.47,0.7000000000000028,0.1799999999999926,0.14000000000000057,-0.12999999999999545,0.9699999999999989,-0.009999999999990905
2023-11-21,103.7,103.17,0.5300000000000011,0.7000000000000028,0.1799999999999926,0.14000000000000057,-0.12999999999999545,0.9699999999999989
2023-11-22,103.8,103.7,0.09999999999999432,0.5300000000000011,0.7000000000000028,0.1799999999999926,0.14000000000000057,-0.12999999999999545
2023-11-23,102.96,103.8,-0.8400000000000034,0.09999999999999432,0.5300000000000011,0.7000000000000028,0.1799999999999926,0.14000000000000057
2023-11-24,103.69,102.96,0.730000000000004,-0.8400000000000034,0.09999999999999432,0.5300000000000011,0.7000000000000028,0.1799999999999926
2023-11-27,102.61,103.69,-1.0799999999999983,0.730000000000004,-0.8400000000000034,0.09999999999999432,0.5300000000000011,0.7000000000000028
2023-11-28,103.34,102.61,0.730000000000004,-1.0799999999999983,0.730000000000004,-0.8400000000000034,0.09999999999999432,0.5300000000000011
2023-11-29,103.33,103.34,-0.010000000000005116,0.730000000000004,-1.0799999999999983,0.730000000000004,-0.8400000000000034,0.09999999999999432
2023-11-30,104.66,103.33,1.3299999999999983,-0.010000000000005116,0.730000000000004,-1.0799999999999983,0.730000000000004,-0.8400000000000034
2023-12-01,104.19,104.66,-0.46999999999999886,1.3299999999999983,-0.010000000000005116,0.730000000000004,-1.0799999999999983,0.730000000000004
2023-12-04,105.12,104.19,0.9300000000000068,-0.46999999999999886,1.3299999999999983,-0.010000000000005116,0.730000000000004,-1.0799999999999983
2023-12-05,104.71,105.12,-0.4100000000000108,0.9300000000000068,-0.46999999999999886,1.3299999999999983,-0.010000000000005116,0.730000000000004
2023-12-06,106.34,104.71,1.6300000000000097,-0.4100000000000108,0.9300000000000068,-0.46999999999999886,1.3299999999999983,-0.010000000000005116
2023-12-07,106.27,106.34,-0.07000000000000739,1.6300000000000097,-0.4100000000000108,0.9300000000000068,-0.46999999999999886,1.3299999999999983
2023-12-08,106.44,106.27,0.1700000000000017,-0.07000000000000739,1.6300000000000097,-0.4100000000000108,0.9300000000000068,-0.46999999999999886
2023-12-11,106.94,106.44,0.5,0.1700000000000017,-0.07000000000000739,1.6300000000000097,-0.4100000000000108,0.9300000000000068
2023-12-12,107.41,106.94,0.46999999999999886,0.5,0.1700000000000017,-0.07000000000000739,1.6300000000000097,-0.4100000000000108
2023-12-13,108.15,107.41,0.7400000000000091,0.46999999999999886,0.5,0.1700000000000017,-0.07000000000000739,1.6300000000000097
2023-12-14,109.52,108.15,1.3699999999999903,0.7400000000000091,0.46999999999999886,0.5,0.1700000000000017,-0.07000000000000739
2023-12-15,110.07,109.52,0.5499999999999972,1.3699999999999903,0.7400000000000091,0.46999999999999886,0.5,0.1700000000000017
2023-12-18,110.0,110.07,-0.06999999999999318,0.5499999999999972,1.3699999999999903,0.7400000000000091,0.46999999999999886,0.5
2023-12-19,110.6,110.0,0.5999999999999943,-0.06999999999999318,0.5499999999999972,1.3699999999999903,0.7400000000000091,0.46999999999999886
2023-12-20,110.97,110.6,0.37000000000000455,0.5999999999999943,-0.06999999999999318,0.5499999999999972,1.3699999999999903,0.7400000000000091
2023-12-21,110.56,110.97,-0.4099999999999966,0.37000000000000455,0.5999999999999943,-0.06999999999999318,0.5499999999999972,1.3699999999999903
2023-12-22,110.5,110.56,-0.060000000000002274,-0.4099999999999966,0.37000000000000455,0.5999999999999943,-0.06999999999999318,0.5499999999999972
2023-12-27,111.19,110.5,0.6899999999999977,-0.060000000000002274,-0.4099999999999966,0.37000000000000455,0.5999999999999943,-0.06999999999999318
2023-12-28,112.29,111.19,1.1000000000000085,0.6899999999999977,-0.060000000000002274,-0.4099999999999966,0.37000000000000455,0.5999999999999943
2023-12-29,111.8,112.29,-0.4900000000000091,1.1000000000000085,0.6899999999999977,-0.060000000000002274,-0.4099999999999966,0.37000000000000455
2024-01-02,113.61,111.8,1.8100000000000023,-0.4900000000000091,1.1000000000000085,0.6899999999999977,-0.060000000000002274,-0.4099999999999966
2024-01-03,112.13,113.61,-1.480000000000004,1.8100000000000023,-0.4900000000000091,1.1000000000000085,0.6899999999999977,-0.060000000000002274
2024-01-04,111.49,112.13,-0.6400000000000006,-1.480000000000004,1.8100000000000023,-0.4900000000000091,1.1000000000000085,0.6899999999999977
2024-01-05,112.99,111.49,1.5,-0.6400000000000006,-1.480000000000004,1.8100000000000023,-0.4900000000000091,1.1000000000000085
2024-01-08,111.98,112.99,-1.009999999999991,1.5,-0.6400000000000006,-1.480000000000004,1.8100000000000023,-0.4900000000000091
2024-01-09,113.02,111.98,1.039999999999992,-1.009999999999991,1.5,-0.6400000000000006,-1.480000000000004,1.8100000000000023
2024-01-10,112.04,113.02,-0.9799999999999898,1.039999999999992,-1.009999999999991,1.5,-0.6400000000000006,-1.480000000000004
2024-01-11,113.6,112.04,1.559999999999988,-0.9799999999999898,1.039999999999992,-1.009999999999991,1.5,-0.6400000000000006
2024-01-12,113.63,113.6,0.030000000000001137,1.559999999999988,-0.9799999999999898,1.039999999999992,-1.009999999999991,1.5
2024-01-15,113.66,113.63,0.030000000000001137,0.030000000000001137,1.559999999999988,-0.9799999999999898,1.039999999999992,-1.009999999999991
2024-01-16,113.0,113.66,-0.6599999999999966,0.030000000000001137,0.030000000000001137,1.559999999999988,-0.9799999999999898,1.039999999999992
2024-01-17,112.33,113.0,-0.6700000000000017,-0.6599999999999966,0.030000000000001137,0.030000000000001137,1.559999999999988,-0.9799999999999898
2024-01-18,112.48,112.33,0.15000000000000568,-0.6700000000000017,-0.6599999999999966,0.030000000000001137,0.030000000000001137,1.559999999999988
2024-01-19,113.28,112.48,0.7999999999999972,0.15000000000000568,-0.6700000000000017,-0.6599999999999966,0.030000000000001137,0.030000000000001137
2024-01-22,114.8,113.28,1.519999999999996,0.7999999999999972,0.15000000000000568,-0.6700000000000017,-0.6599999999999966,0.030000000000001137
2024-01-23,115.66,114.8,0.8599999999999994,1.519999999999996,0.7999999999999972,0.15000000000000568,-0.6700000000000017,-0.6599999999999966
2024-01-24,114.7,115.66,-0.9599999999999937,0.8599999999999994,1.519999999999996,0.7999999999999972,0.15000000000000568,-0.6700000000000017
2024-01-25,114.86,114.7,0.1599999999999966,-0.9599999999999937,0.8599999999999994,1.519999999999996,0.7999999999999972,0.15000000000000568
2024-01-29,115.92,114.86,1.0600000000000023,0.1599999999999966,-0.9599999999999937,0.8599999999999994,1.519999999999996,0.7999999999999972
2024-01-30,116.05,115.92,0.12999999999999545,1.0600000000000023,0.1599999999999966,-0.9599999999999937,0.8599999999999994,1.519999999999996
2024-01-31,117.53,116.05,1.480000000000004,0.12999999999999545,1.0600000000000023,0.1599999999999966,-0.9599999999999937,0.8599999999999994
2024-02-01,114.1,117.53,-3.430000000000007,1.480000000000004,0.12999999999999545,1.0600000000000023,0.1599999999999966,-0.9599999999999937
2024-02-02,115.81,114.1,1.710000000000008,-3.430000000000007,1.480000000000004,0.12999999999999545,1.0600000000000023,0.1599999999999966
2024-02-05,115.48,115.81,-0.3299999999999983,1.710000000000008,-3.430000000000007,1.480000000000004,0.12999999999999545,1.0600000000000023
2024-02-06,114.37,115.48,-1.1099999999999994,-0.3299999999999983,1.710000000000008,-3.430000000000007,1.480000000000004,0.12999999999999545
2024-02-07,114.55,114.37,0.1799999999999926,-1.1099999999999994,-0.3299999999999983,1.710000000000008,-3.430000000000007,1.480000000000004
2024-02-08,115.87,114.55,1.3200000000000074,0.1799999999999926,-1.1099999999999994,-0.3299999999999983,1.710000000000008,-3.430000000000007
2024-02-09,116.24,115.87,0.36999999999999034,1.3200000000000074,0.1799999999999926,-1.1099999999999994,-0.3299999999999983,1.710000000000008
2024-02-12,115.73,116.24,-0.5099999999999909,0.36999999999999034,1.3200000000000074,0.1799999999999926,-1.1099999999999994,-0.3299999999999983
2024-02-13,116.0,115.73,0.269999999999996,-0.5099999999999909,0.36999999999999034,1.3200000000000074,0.1799999999999926,-1.1099999999999994
2024-02-14,114.07,116.0,-1.9300000000000068,0.269999999999996,-0.5099999999999909,0.36999999999999034,1.3200000000000074,0.1799999999999926
2024-02-15,114.16,114.07,0.09000000000000341,-1.9300000000000068,0.269999999999996,-0.5099999999999909,0.36999999999999034,1.3200000000000074
2024-02-16,116.28,114.16,2.1200000000000045,0.09000000000000341,-1.9300000000000068,0.269999999999996,-0.5099999999999909,0.36999999999999034
2024-02-19,117.13,116.28,0.8499999999999943,2.1200000000000045,0.09000000000000341,-1.9300000000000068,0.269999999999996,-0.5099999999999909
2024-02-20,116.95,117.13,-0.1799999999999926,0.8499999999999943,2.1200000000000045,0.09000000000000341,-1.9300000000000068,0.269999999999996
2024-02-21,114.62,116.95,-2.3299999999999983,-0.1799999999999926,0.8499999999999943,2.1200000000000045,0.09000000000000341,-1.9300000000000068
2024-02-22,114.45,114.62,-0.1700000000000017,-2.3299999999999983,-0.1799999999999926,0.8499999999999943,2.1200000000000045,0.09000000000000341
2024-02-23,114.83,114.45,0.37999999999999545,-0.1700000000000017,-2.3299999999999983,-0.1799999999999926,0.8499999999999943,2.1200000000000045
2024-02-26,115.92,114.83,1.0900000000000034,0.37999999999999545,-0.1700000000000017,-2.3299999999999983,-0.1799999999999926,0.8499999999999943
2024-02-27,117.12,115.92,1.2000000000000028,1.0900000000000034,0.37999999999999545,-0.1700000000000017,-2.3299999999999983,-0.1799999999999926
2024-02-28,115.96,117.12,-1.1600000000000108,1.2000000000000028,1.0900000000000034,0.37999999999999545,-0.1700000000000017,-2.3299999999999983
2024-02-29,116.41,115.96,0.45000000000000284,-1.1600000000000108,1.2000000000000028,1.0900000000000034,0.37999999999999545,-0.1700000000000017
2024-03-01,117.36,116.41,0.9500000000000028,0.45000000000000284,-1.1600000000000108,1.2000000000000028,1.0900000000000034,0.37999999999999545
2024-03-04,118.12,117.36,0.7600000000000051,0.9500000000000028,0.45000000000000284,-1.1600000000000108,1.2000000000000028,1.0900000000000034
2024-03-05,116.94,118.12,-1.1800000000000068,0.7600000000000051,0.9500000000000028,0.45000000000000284,-1.1600000000000108,1.2000000000000028
2024-03-06,118.31,116.94,1.3700000000000045,-1.1800000000000068,0.7600000000000051,0.9500000000000028,0.45000000000000284,-1.1600000000000108
2024-03-07,119.25,118.31,0.9399999999999977,1.3700000000000045,-1.1800000000000068,0.7600000000000051,0.9500000000000028,0.45000000000000284
2024-03-08,121.45,119.25,2.200000000000003,0.9399999999999977,1.3700000000000045,-1.1800000000000068,0.7600000000000051,0.9500000000000028
2024-03-11,118.13,121.45,-3.3200000000000074,2.200000000000003,0.9399999999999977,1.3700000000000045,-1.1800000000000068,0.7600000000000051
2024-03-12,117.74,118.13,-0.39000000000000057,-3.3200000000000074,2.200000000000003,0.9399999999999977,1.3700000000000045,-1.1800000000000068
2024-03-13,117.55,117.74,-0.18999999999999773,-0.39000000000000057,-3.3200000000000074,2.200000000000003,0.9399999999999977,1.3700000000000045
2024-03-14,116.22,117.55,-1.3299999999999983,-0.18999999999999773,-0.39000000000000057,-3.3200000000000074,2.200000000000003,0.9399999999999977
2024-03-15,115.54,116.22,-0.6799999999999926,-1.3299999999999983,-0.18999999999999773,-0.39000000000000057,-3.3200000000000074,2.200000000000003
2024-03-18,116.46,115.54,0.9199999999999875,-0.6799999999999926,-1.3299999999999983,-0.18999999999999773,-0.39000000000000057,-3.3200000000000074
2024-03-19,115.78,116.46,-0.6799999999999926,0.9199999999999875,-0.6799999999999926,-1.3299999999999983,-0.18999999999999773,-0.39000000000000057
2024-03-20,115.65,115.78,-0.12999999999999545,-0.6799999999999926,0.9199999999999875,-0.6799999999999926,-1.3299999999999983,-0.18999999999999773
2024-03-21,118.0,115.65,2.3499999999999943,-0.12999999999999545,-0.6799999999999926,0.9199999999999875,-0.6799999999999926,-1.3299999999999983
2024-03-22,117.48,118.0,-0.519999999999996,2.3499999999999943,-0.12999999999999545,-0.6799999999999926,0.9199999999999875,-0.6799999999999926
2024-03-25,118.79,117.48,1.3100000000000023,-0.519999999999996,2.3499999999999943,-0.12999999999999545,-0.6799999999999926,0.9199999999999875
2024-03-26,118.6,118.79,-0.19000000000001194,1.3100000000000023,-0.519999999999996,2.3499999999999943,-0.12999999999999545,-0.6799999999999926
2024-03-27,120.0,118.6,1.4000000000000057,-0.19000000000001194,1.3100000000000023,-0.519999999999996,2.3499999999999943,-0.12999999999999545
2024-03-28,120.34,120.0,0.3400000000000034,1.4000000000000057,-0.19000000000001194,1.3100000000000023,-0.519999999999996,2.3499999999999943
2024-04-02,120.07,120.34,-0.27000000000001023,0.3400000000000034,1.4000000000000057,-0.19000000000001194,1.3100000000000023,-0.519999999999996
2024-04-03,117.81,120.07,-2.259999999999991,-0.27000000000001023,0.3400000000000034,1.4000000000000057,-0.19000000000001194,1.3100000000000023
2024-04-04,118.35,117.81,0.539999999999992,-2.259999999999991,-0.27000000000001023,0.3400000000000034,1.4000000000000057,-0.19000000000001194
2024-04-05,118.04,118.35,-0.30999999999998806,0.539999999999992,-2.259999999999991,-0.27000000000001023,0.3400000000000034,1.4000000000000057
2024-04-08,118.19,118.04,0.14999999999999147,-0.30999999999998806,0.539999999999992,-2.259999999999991,-0.27000000000001023,0.3400000000000034
2024-04-09,119.15,118.19,0.960000000000008,0.14999999999999147,-0.30999999999998806,0.539999999999992,-2.259999999999991,-0.27000000000001023
2024-04-10,118.21,119.15,-0.9400000000000119,0.960000000000008,0.14999999999999147,-0.30999999999998806,0.539999999999992,-2.259999999999991
2024-04-11,116.81,118.21,-1.3999999999999915,-0.9400000000000119,0.960000000000008,0.14999999999999147,-0.30999999999998806,0.539999999999992
2024-04-12,116.24,116.81,-0.5700000000000074,-1.3999999999999915,-0.9400000000000119,0.960000000000008,0.14999999999999147,-0.30999999999998806
2024-04-15,114.64,116.24,-1.5999999999999943,-0.5700000000000074,-1.3999999999999915,-0.9400000000000119,0.960000000000008,0.14999999999999147
2024-04-16,112.2,114.64,-2.4399999999999977,-1.5999999999999943,-0.5700000000000074,-1.3999999999999915,-0.9400000000000119,0.960000000000008
2024-04-17,111.94,112.2,-0.2600000000000051,-2.4399999999999977,-1.5999999999999943,-0.5700000000000074,-1.3999999999999915,-0.9400000000000119
2024-04-18,112.73,111.94,0.7900000000000063,-0.2600000000000051,-2.4399999999999977,-1.5999999999999943,-0.5700000000000074,-1.3999999999999915
2024-04-19,111.86,112.73,-0.8700000000000045,0.7900000000000063,-0.2600000000000051,-2.4399999999999977,-1.5999999999999943,-0.5700000000000074
2024-04-22,112.88,111.86,1.019999999999996,-0.8700000000000045,0.7900000000000063,-0.2600000000000051,-2.4399999999999977,-1.5999999999999943
2024-04-23,114.58,112.88,1.7000000000000028,1.019999999999996,-0.8700000000000045,0.7900000000000063,-0.2600000000000051,-2.4399999999999977
2024-04-24,115.0,114.58,0.4200000000000017,1.7000000000000028,1.019999999999996,-0.8700000000000045,0.7900000000000063,-0.2600000000000051
2024-04-26,112.99,115.0,-2.010000000000005,0.4200000000000017,1.7000000000000028,1.019999999999996,-0.8700000000000045,0.7900000000000063
2024-04-29,113.84,112.99,0.8500000000000085,-2.010000000000005,0.4200000000000017,1.7000000000000028,1.019999999999996,-0.8700000000000045
2024-04-30,114.54,113.84,0.7000000000000028,0.8500000000000085,-2.010000000000005,0.4200000000000017,1.7000000000000028,1.019999999999996
2024-05-01,113.92,114.54,-0.6200000000000045,0.7000000000000028,0.8500000000000085,-2.010000000000005,0.4200000000000017,1.7000000000000028
2024-05-02,115.0,113.92,1.0799999999999983,-0.6200000000000045,0.7000000000000028,0.8500000000000085,-2.010000000000005,0.4200000000000017
2024-05-03,115.23,115.0,0.23000000000000398,1.0799999999999983,-0.6200000000000045,0.7000000000000028,0.8500000000000085,-2.010000000000005
2024-05-06,116.59,115.23,1.3599999999999994,0.23000000000000398,1.0799999999999983,-0.6200000000000045,0.7000000000000028,0.8500000000000085
2024-05-07,119.0,116.59,2.4099999999999966,1.3599999999999994,0.23000000000000398,1.0799999999999983,-0.6200000000000045,0.7000000000000028
2024-05-08,119.74,119.0,0.7399999999999949,2.4099999999999966,1.3599999999999994,0.23000000000000398,1.0799999999999983,-0.6200000000000045
2024-05-09,117.09,119.74,-2.6499999999999915,0.7399999999999949,2.4099999999999966,1.3599999999999994,0.23000000000000398,1.0799999999999983
2024-05-10,117.54,117.09,0.45000000000000284,-2.6499999999999915,0.7399999999999949,2.4099999999999966,1.3599999999999994,0.23000000000000398
2024-05-13,119.12,117.54,1.5799999999999983,0.45000000000000284,-2.6499999999999915,0.7399999999999949,2.4099999999999966,1.3599999999999994
2024-05-14,119.33,119.12,0.20999999999999375,1.5799999999999983,0.45000000000000284,-2.6499999999999915,0.7399999999999949,2.4099999999999966
2024-05-15,119.93,119.33,0.6000000000000085,0.20999999999999375,1.5799999999999983,0.45000000000000284,-2.6499999999999915,0.7399999999999949
2024-05-16,122.26,119.93,2.3299999999999983,0.6000000000000085,0.20999999999999375,1.5799999999999983,0.45000000000000284,-2.6499999999999915
2024-05-17,121.04,122.26,-1.2199999999999989,2.3299999999999983,0.6000000000000085,0.20999999999999375,1.5799999999999983,0.45000000000000284
2024-05-20,121.77,121.04,0.7299999999999898,-1.2199999999999989,2.3299999999999983,0.6000000000000085,0.20999999999999375,1.5799999999999983
2024-05-21,121.79,121.77,0.020000000000010232,0.7299999999999898,-1.2199999999999989,2.3299999999999983,0.6000000000000085,0.20999999999999375
2024-05-22,121.5,121.79,-0.29000000000000625,0.020000000000010232,0.7299999999999898,-1.2199999999999989,2.3299999999999983,0.6000000000000085
2024-05-23,120.73,121.5,-0.769999999999996,-0.29000000000000625,0.020000000000010232,0.7299999999999898,-1.2199999999999989,2.3299999999999983
2024-05-24,118.87,120.73,-1.8599999999999994,-0.769999999999996,-0.29000000000000625,0.020000000000010232,0.7299999999999898,-1.2199999999999989
2024-05-27,120.1,118.87,1.2299999999999898,-1.8599999999999994,-0.769999999999996,-0.29000000000000625,0.020000000000010232,0.7299999999999898
2024-05-28,120.31,120.1,0.21000000000000796,1.2299999999999898,-1.8599999999999994,-0.769999999999996,-0.29000000000000625,0.020000000000010232
2024-05-29,118.34,120.31,-1.9699999999999989,0.21000000000000796,1.2299999999999898,-1.8599999999999994,-0.769999999999996,-0.29000000000000625
2024-05-30,117.99,118.34,-0.3500000000000085,-1.9699999999999989,0.21000000000000796,1.2299999999999898,-1.8599999999999994,-0.769999999999996
2024-05-31,119.54,117.99,1.5500000000000114,-0.3500000000000085,-1.9699999999999989,0.21000000000000796,1.2299999999999898,-1.8599999999999994
2024-06-03,121.29,119.54,1.75,1.5500000000000114,-0.3500000000000085,-1.9699999999999989,0.21000000000000796,1.2299999999999898
2024-06-04,122.46,121.29,1.1699999999999875,1.75,1.5500000000000114,-0.3500000000000085,-1.9699999999999989,0.21000000000000796
2024-06-05,123.47,122.46,1.0100000000000051,1.1699999999999875,1.75,1.5500000000000114,-0.3500000000000085,-1.9699999999999989
2024-06-06,124.85,123.47,1.3799999999999955,1.0100000000000051,1.1699999999999875,1.75,1.5500000000000114,-0.3500000000000085
2024-06-07,125.55,124.85,0.7000000000000028,1.3799999999999955,1.0100000000000051,1.1699999999999875,1.75,1.5500000000000114
2024-06-11,124.93,125.55,-0.6199999999999903,0.7000000000000028,1.3799999999999955,1.0100000000000051,1.1699999999999875,1.75
2024-06-12,124.1,124.93,-0.8300000000000125,-0.6199999999999903,0.7000000000000028,1.3799999999999955,1.0100000000000051,1.1699999999999875
2024-06-13,125.48,124.1,1.3800000000000097,-0.8300000000000125,-0.6199999999999903,0.7000000000000028,1.3799999999999955,1.0100000000000051
2024-06-14,125.31,125.48,-0.1700000000000017,1.3800000000000097,-0.8300000000000125,-0.6199999999999903,0.7000000000000028,1.3799999999999955
2024-06-17,125.49,125.31,0.1799999999999926,-0.1700000000000017,1.3800000000000097,-0.8300000000000125,-0.6199999999999903,0.7000000000000028
2024-06-18,127.98,125.49,2.490000000000009,0.1799999999999926,-0.1700000000000017,1.3800000000000097,-0.8300000000000125,-0.6199999999999903
2024-06-19,126.94,127.98,-1.0400000000000063,2.490000000000009,0.1799999999999926,-0.1700000000000017,1.3800000000000097,-0.8300000000000125
2024-06-20,127.75,126.94,0.8100000000000023,-1.0400000000000063,2.490000000000009,0.1799999999999926,-0.1700000000000017,1.3800000000000097
2024-06-21,127.68,127.75,-0.06999999999999318,0.8100000000000023,-1.0400000000000063,2.490000000000009,0.1799999999999926,-0.1700000000000017
2024-06-24,126.8,127.68,-0.8800000000000097,-0.06999999999999318,0.8100000000000023,-1.0400000000000063,2.490000000000009,0.1799999999999926
2024-06-25,128.63,126.8,1.8299999999999983,-0.8800000000000097,-0.06999999999999318,0.8100000000000023,-1.0400000000000063,2.490000000000009
2024-06-26,126.9,128.63,-1.7299999999999898,1.8299999999999983,-0.8800000000000097,-0.06999999999999318,0.8100000000000023,-1.0400000000000063
2024-06-27,126.2,126.9,-0.7000000000000028,-1.7299999999999898,1.8299999999999983,-0.8800000000000097,-0.06999999999999318,0.8100000000000023
2024-06-28,127.38,126.2,1.1799999999999926,-0.7000000000000028,-1.7299999999999898,1.8299999999999983,-0.8800000000000097,-0.06999999999999318
2024-07-01,126.2,127.38,-1.1799999999999926,1.1799999999999926,-0.7000000000000028,-1.7299999999999898,1.8299999999999983,-0.8800000000000097
2024-07-02,125.66,126.2,-0.5400000000000063,-1.1799999999999926,1.1799999999999926,-0.7000000000000028,-1.7299999999999898,1.8299999999999983
2024-07-03,125.38,125.66,-0.28000000000000114,-0.5400000000000063,-1.1799999999999926,1.1799999999999926,-0.7000000000000028,-1.7299999999999898
2024-07-04,127.86,125.38,2.480000000000004,-0.28000000000000114,-0.5400000000000063,-1.1799999999999926,1.1799999999999926,-0.7000000000000028
2024-07-05,127.1,127.86,-0.7600000000000051,2.480000000000004,-0.28000000000000114,-0.5400000000000063,-1.1799999999999926,1.1799999999999926
2024-07-08,126.47,127.1,-0.6299999999999955,-0.7600000000000051,2.480000000000004,-0.28000000000000114,-0.5400000000000063,-1.1799999999999926
2024-07-09,128.69,126.47,2.219999999999999,-0.6299999999999955,-0.7600000000000051,2.480000000000004,-0.28000000000000114,-0.5400000000000063
2024-07-10,128.54,128.69,-0.15000000000000568,2.219999999999999,-0.6299999999999955,-0.7600000000000051,2.480000000000004,-0.28000000000000114
2024-07-11,129.92,128.54,1.3799999999999955,-0.15000000000000568,2.219999999999999,-0.6299999999999955,-0.7600000000000051,2.480000000000004
2024-07-12,131.66,129.92,1.740000000000009,1.3799999999999955,-0.15000000000000568,2.219999999999999,-0.6299999999999955,-0.7600000000000051
2024-07-15,132.69,131.66,1.0300000000000011,1.740000000000009,1.3799999999999955,-0.15000000000000568,2.219999999999999,-0.6299999999999955
2024-07-16,132.44,132.69,-0.25,1.0300000000000011,1.740000000000009,1.3799999999999955,-0.15000000000000568,2.219999999999999
2024-07-17,133.5,132.44,1.0600000000000023,-0.25,1.0300000000000011,1.740000000000009,1.3799999999999955,-0.15000000000000568
2024-07-18,132.66,133.5,-0.8400000000000034,1.0600000000000023,-0.25,1.0300000000000011,1.740000000000009,1.3799999999999955
2024-07-19,131.63,132.66,-1.0300000000000011,-0.8400000000000034,1.0600000000000023,-0.25,1.0300000000000011,1.740000000000009
2024-07-22,131.68,131.63,0.05000000000001137,-1.0300000000000011,-0.8400000000000034,1.0600000000000023,-0.25,1.0300000000000011
2024-07-23,133.14,131.68,1.4599999999999795,0.05000000000001137,-1.0300000000000011,-0.8400000000000034,1.0600000000000023,-0.25
2024-07-24,132.78,133.14,-0.3599999999999852,1.4599999999999795,0.05000000000001137,-1.0300000000000011,-0.8400000000000034,1.0600000000000023
2024-07-25,132.6,132.78,-0.18000000000000682,-0.3599999999999852,1.4599999999999795,0.05000000000001137,-1.0300000000000011,-0.8400000000000034
2024-07-26,133.14,132.6,0.539999999999992,-0.18000000000000682,-0.3599999999999852,1.4599999999999795,0.05000000000001137,-1.0300000000000011
2024-07-29,134.9,133.14,1.7600000000000193,0.539999999999992,-0.18000000000000682,-0.3599999999999852,1.4599999999999795,0.05000000000001137
2024-07-30,135.95,134.9,1.049999999999983,1.7600000000000193,0.539999999999992,-0.18000000000000682,-0.3599999999999852,1.4599999999999795
2024-07-31,137.49,135.95,1.5400000000000205,1.049999999999983,1.7600000000000193,0.539999999999992,-0.18000000000000682,-0.3599999999999852
2024-08-01,136.27,137.49,-1.2199999999999989,1.5400000000000205,1.049999999999983,1.7600000000000193,0.539999999999992,-0.18000000000000682
2024-08-02,132.46,136.27,-3.8100000000000023,-1.2199999999999989,1.5400000000000205,1.049999999999983,1.7600000000000193,0.539999999999992
2024-08-05,124.89,132.46,-7.570000000000007,-3.8100000000000023,-1.2199999999999989,1.5400000000000205,1.049999999999983,1.7600000000000193
2024-08-06,127.69,124.89,2.799999999999997,-7.570000000000007,-3.8100000000000023,-1.2199999999999989,1.5400000000000205,1.049999999999983
2024-08-07,127.34,127.69,-0.3499999999999943,2.799999999999997,-7.570000000000007,-3.8100000000000023,-1.2199999999999989,1.5400000000000205
2024-08-08,129.11,127.34,1.7700000000000102,-0.3499999999999943,2.799999999999997,-7.570000000000007,-3.8100000000000023,-1.2199999999999989
2024-08-09,129.55,129.11,0.4399999999999977,1.7700000000000102,-0.3499999999999943,2.799999999999997,-7.570000000000007,-3.8100000000000023
2024-08-12,130.53,129.55,0.9799999999999898,0.4399999999999977,1.7700000000000102,-0.3499999999999943,2.799999999999997,-7.570000000000007
2024-08-13,132.52,130.53,1.990000000000009,0.9799999999999898,0.4399999999999977,1.7700000000000102,-0.3499999999999943,2.799999999999997
2024-08-14,134.21,132.52,1.6899999999999977,1.990000000000009,0.9799999999999898,0.4399999999999977,1.7700000000000102,-0.3499999999999943
2024-08-15,134.9,134.21,0.6899999999999977,1.6899999999999977,1.990000000000009,0.9799999999999898,0.4399999999999977,1.7700000000000102
2024-08-16,138.13,134.9,3.2299999999999898,0.6899999999999977,1.6899999999999977,1.990000000000009,0.9799999999999898,0.4399999999999977
2024-08-19,139.25,138.13,1.1200000000000045,3.2299999999999898,0.6899999999999977,1.6899999999999977,1.990000000000009,0.9799999999999898
2024-08-20,139.6,139.25,0.3499999999999943,1.1200000000000045,3.2299999999999898,0.6899999999999977,1.6899999999999977,1.990000000000009
2024-08-21,136.03,139.6,-3.569999999999993,0.3499999999999943,1.1200000000000045,3.2299999999999898,0.6899999999999977,1.6899999999999977
2024-08-22,136.46,136.03,0.4300000000000068,-3.569999999999993,0.3499999999999943,1.1200000000000045,3.2299999999999898,0.6899999999999977
2024-08-23,136.8,136.46,0.3400000000000034,0.4300000000000068,-3.569999999999993,0.3499999999999943,1.1200000000000045,3.2299999999999898
2024-08-26,138.81,136.8,2.009999999999991,0.3400000000000034,0.4300000000000068,-3.569999999999993,0.3499999999999943,1.1200000000000045
2024-08-27,137.43,138.81,-1.3799999999999955,2.009999999999991,0.3400000000000034,0.4300000000000068,-3.569999999999993,0.3499999999999943
2024-08-28,138.57,137.43,1.1399999999999864,-1.3799999999999955,2.009999999999991,0.3400000000000034,0.4300000000000068,-3.569999999999993
2024-08-29,138.8,138.57,0.2300000000000182,1.1399999999999864,-1.3799999999999955,2.009999999999991,0.3400000000000034,0.4300000000000068
2024-08-30,139.5,138.8,0.6999999999999886,0.2300000000000182,1.1399999999999864,-1.3799999999999955,2.009999999999991,0.3400000000000034
2024-09-02,141.77,139.5,2.2700000000000102,0.6999999999999886,0.2300000000000182,1.1399999999999864,-1.3799999999999955,2.009999999999991
2024-09-03,143.38,141.77,1.6099999999999852,2.2700000000000102,0.6999999999999886,0.2300000000000182,1.1399999999999864,-1.3799999999999955
2024-09-04,139.94,143.38,-3.4399999999999977,1.6099999999999852,2.2700000000000102,0.6999999999999886,0.2300000000000182,1.1399999999999864
2024-09-05,141.35,139.94,1.4099999999999966,-3.4399999999999977,1.6099999999999852,2.2700000000000102,0.6999999999999886,0.2300000000000182
2024-09-06,143.47,141.35,2.1200000000000045,1.4099999999999966,-3.4399999999999977,1.6099999999999852,2.2700000000000102,0.6999999999999886
2024-09-09,142.95,143.47,-0.5200000000000102,2.1200000000000045,1.4099999999999966,-3.4399999999999977,1.6099999999999852,2.2700000000000102
2024-09-10,143.77,142.95,0.8200000000000216,-0.5200000000000102,2.1200000000000045,1.4099999999999966,-3.4399999999999977,1.6099999999999852
2024-09-11,141.05,143.77,-2.719999999999999,0.8200000000000216,-0.5200000000000102,2.1200000000000045,1.4099999999999966,-3.4399999999999977
2024-09-12,142.96,141.05,1.9099999999999966,-2.719999999999999,0.8200000000000216,-0.5200000000000102,2.1200000000000045,1.4099999999999966
2024-09-13,141.65,142.96,-1.3100000000000023,1.9099999999999966,-2.719999999999999,0.8200000000000216,-0.5200000000000102,2.1200000000000045
2024-09-16,142.99,141.65,1.3400000000000034,-1.3100000000000023,1.9099999999999966,-2.719999999999999,0.8200000000000216,-0.5200000000000102
2024-09-17,143.04,142.99,0.04999999999998295,1.3400000000000034,-1.3100000000000023,1.9099999999999966,-2.719999999999999,0.8200000000000216
2024-09-18,143.32,143.04,0.28000000000000114,0.04999999999998295,1.3400000000000034,-1.3100000000000023,1.9099999999999966,-2.719999999999999
2024-09-19,144.02,143.32,0.700000000000017,0.28000000000000114,0.04999999999998295,1.3400000000000034,-1.3100000000000023,1.9099999999999966
2024-09-20,144.5,144.02,0.47999999999998977,0.700000000000017,0.28000000000000114,0.04999999999998295,1.3400000000000034,-1.3100000000000023
2024-09-23,142.39,144.5,-2.1100000000000136,0.47999999999998977,0.700000000000017,0.28000000000000114,0.04999999999998295,1.3400000000000034
2024-09-24,138.06,142.39,-4.329999999999984,-2.1100000000000136,0.47999999999998977,0.700000000000017,0.28000000000000114,0.04999999999998295
2024-09-25,134.89,138.06,-3.170000000000016,-4.329999999999984,-2.1100000000000136,0.47999999999998977,0.700000000000017,0.28000000000000114
2024-09-26,134.35,134.89,-0.539999999999992,-3.170000000000016,-4.329999999999984,-2.1100000000000136,0.47999999999998977,0.700000000000017
2024-09-27,134.16,134.35,-0.18999999999999773,-0.539999999999992,-3.170000000000016,-4.329999999999984,-2.1100000000000136,0.47999999999998977
2024-09-30,135.39,134.16,1.2299999999999898,-0.18999999999999773,-0.539999999999992,-3.170000000000016,-4.329999999999984,-2.1100000000000136
2024-10-01,133.34,135.39,-2.049999999999983,1.2299999999999898,-0.18999999999999773,-0.539999999999992,-3.170000000000016,-4.329999999999984
2024-10-02,134.19,133.34,0.8499999999999943,-2.049999999999983,1.2299999999999898,-0.18999999999999773,-0.539999999999992,-3.170000000000016
2024-10-03,134.61,134.19,0.4200000000000159,0.8499999999999943,-2.049999999999983,1.2299999999999898,-0.18999999999999773,-0.539999999999992
2024-10-04,132.74,134.61,-1.8700000000000045,0.4200000000000159,0.8499999999999943,-2.049999999999983,1.2299999999999898,-0.18999999999999773
2024-10-07,134.77,132.74,2.030000000000001,-1.8700000000000045,0.4200000000000159,0.8499999999999943,-2.049999999999983,1.2299999999999898
2024-10-08,134.97,134.77,0.19999999999998863,2.030000000000001,-1.8700000000000045,0.4200000000000159,0.8499999999999943,-2.049999999999983
2024-10-09,135.63,134.97,0.6599999999999966,0.19999999999998863,2.030000000000001,-1.8700000000000045,0.4200000000000159,0.8499999999999943
2024-10-10,136.19,135.63,0.5600000000000023,0.6599999999999966,0.19999999999998863,2.030000000000001,-1.8700000000000045,0.4200000000000159
2024-10-11,135.64,136.19,-0.5500000000000114,0.5600000000000023,0.6599999999999966,0.19999999999998863,2.030000000000001,-1.8700000000000045
2024-10-14,136.82,135.64,1.1800000000000068,-0.5500000000000114,0.5600000000000023,0.6599999999999966,0.19999999999998863,2.030000000000001
2024-10-15,139.29,136.82,2.469999999999999,1.1800000000000068,-0.5500000000000114,0.5600000000000023,0.6599999999999966,0.19999999999998863
2024-10-16,139.8,139.29,0.5100000000000193,2.469999999999999,1.1800000000000068,-0.5500000000000114,0.5600000000000023,0.6599999999999966
2024-10-17,142.0,139.8,2.1999999999999886,0.5100000000000193,2.469999999999999,1.1800000000000068,-0.5500000000000114,0.5600000000000023
2024-10-18,142.85,142.0,0.8499999999999943,2.1999999999999886,0.5100000000000193,2.469999999999999,1.1800000000000068,-0.5500000000000114
2024-10-21,144.45,142.85,1.5999999999999943,0.8499999999999943,2.1999999999999886,0.5100000000000193,2.469999999999999,1.1800000000000068
2024-10-22,141.23,144.45,-3.219999999999999,1.5999999999999943,0.8499999999999943,2.1999999999999886,0.5100000000000193,2.469999999999999
2024-10-23,141.78,141.23,0.5500000000000114,-3.219999999999999,1.5999999999999943,0.8499999999999943,2.1999999999999886,0.5100000000000193
2024-10-24,143.43,141.78,1.6500000000000057,0.5500000000000114,-3.219999999999999,1.5999999999999943,0.8499999999999943,2.1999999999999886
2024-10-25,144.02,143.43,0.5900000000000034,1.6500000000000057,0.5500000000000114,-3.219999999999999,1.5999999999999943,0.8499999999999943
2024-10-28,142.86,144.02,-1.1599999999999966,0.5900000000000034,1.6500000000000057,0.5500000000000114,-3.219999999999999,1.5999999999999943
2024-10-29,144.17,142.86,1.3099999999999739,-1.1599999999999966,0.5900000000000034,1.6500000000000057,0.5500000000000114,-3.219999999999999
2024-10-30,142.93,144.17,-1.2399999999999807,1.3099999999999739,-1.1599999999999966,0.5900000000000034,1.6500000000000057,0.5500000000000114
2024-10-31,142.75,142.93,-0.18000000000000682,-1.2399999999999807,1.3099999999999739,-1.1599999999999966,0.5900000000000034,1.6500000000000057
2024-11-01,142.09,142.75,-0.6599999999999966,-0.18000000000000682,-1.2399999999999807,1.3099999999999739,-1.1599999999999966,0.5900000000000034
2024-11-04,144.35,142.09,2.259999999999991,-0.6599999999999966,-0.18000000000000682,-1.2399999999999807,1.3099999999999739,-1.1599999999999966
2024-11-05,143.85,144.35,-0.5,2.259999999999991,-0.6599999999999966,-0.18000000000000682,-1.2399999999999807,1.3099999999999739
2024-11-06,145.46,143.85,1.6100000000000136,-0.5,2.259999999999991,-0.6599999999999966,-0.18000000000000682,-1.2399999999999807
2024-11-07,147.26,145.46,1.799999999999983,1.6100000000000136,-0.5,2.259999999999991,-0.6599999999999966,-0.18000000000000682
2024-11-08,149.32,147.26,2.0600000000000023,1.799999999999983,1.6100000000000136,-0.5,2.259999999999991,-0.6599999999999966
2024-11-11,149.79,149.32,0.46999999999999886,2.0600000000000023,1.799999999999983,1.6100000000000136,-0.5,2.259999999999991
2024-11-12,150.25,149.79,0.46000000000000796,0.46999999999999886,2.0600000000000023,1.799999999999983,1.6100000000000136,-0.5
2024-11-13,149.62,150.25,-0.6299999999999955,0.46000000000000796,0.46999999999999886,2.0600000000000023,1.799999999999983,1.6100000000000136
2024-11-14,152.84,149.62,3.219999999999999,-0.6299999999999955,0.46000000000000796,0.46999999999999886,2.0600000000000023,1.799999999999983
2024-11-15,155.13,152.84,2.289999999999992,3.219999999999999,-0.6299999999999955,0.46000000000000796,0.46999999999999886,2.0600000000000023
2024-11-18,153.02,155.13,-2.109999999999985,2.289999999999992,3.219999999999999,-0.6299999999999955,0.46000000000000796,0.46999999999999886
2024-11-19,155.61,153.02,2.5900000000000034,-2.109999999999985,2.289999999999992,3.219999999999999,-0.6299999999999955,0.46000000000000796
2024-11-20,156.38,155.61,0.7699999999999818,2.5900000000000034,-2.109999999999985,2.289999999999992,3.219999999999999,-0.6299999999999955
2024-11-21,156.24,156.38,-0.13999999999998636,0.7699999999999818,2.5900000000000034,-2.109999999999985,2.289999999999992,3.219999999999999
2024-11-22,159.03,156.24,2.789999999999992,-0.13999999999998636,0.7699999999999818,2.5900000000000034,-2.109999999999985,2.289999999999992
2024-11-25,160.14,159.03,1.1099999999999852,2.789999999999992,-0.13999999999998636,0.7699999999999818,2.5900000000000034,-2.109999999999985
2024-11-26,154.46,160.14,-5.679999999999978,1.1099999999999852,2.789999999999992,-0.13999999999998636,0.7699999999999818,2.5900000000000034
2024-11-27,157.57,154.46,3.109999999999985,-5.679999999999978,1.1099999999999852,2.789999999999992,-0.13999999999998636,0.7699999999999818
2024-11-28,158.58,157.57,1.0100000000000193,3.109999999999985,-5.679999999999978,1.1099999999999852,2.789999999999992,-0.13999999999998636
2024-11-29,158.58,158.58,0.0,1.0100000000000193,3.109999999999985,-5.679999999999978,1.1099999999999852,2.789999999999992
2024-12-02,158.19,158.58,-0.3900000000000148,0.0,1.0100000000000193,3.109999999999985,-5.679999999999978,1.1099999999999852
2024-12-03,157.78,158.19,-0.4099999999999966,-0.3900000000000148,0.0,1.0100000000000193,3.109999999999985,-5.679999999999978
2024-12-04,156.93,157.78,-0.8499999999999943,-0.4099999999999966,-0.3900000000000148,0.0,1.0100000000000193,3.109999999999985
2024-12-05,157.99,156.93,1.0600000000000023,-0.8499999999999943,-0.4099999999999966,-0.3900000000000148,0.0,1.0100000000000193
2024-12-06,157.06,157.99,-0.9300000000000068,1.0600000000000023,-0.8499999999999943,-0.4099999999999966,-0.3900000000000148,0.0
2024-12-09,159.38,157.06,2.319999999999993,-0.9300000000000068,1.0600000000000023,-0.8499999999999943,-0.4099999999999966,-0.3900000000000148
2024-12-10,157.63,159.38,-1.75,2.319999999999993,-0.9300000000000068,1.0600000000000023,-0.8499999999999943,-0.4099999999999966
2024-12-11,157.52,157.63,-0.10999999999998522,-1.75,2.319999999999993,-0.9300000000000068,1.0600000000000023,-0.8499999999999943
2024-12-12,157.52,157.52,0.0,-0.10999999999998522,-1.75,2.319999999999993,-0.9300000000000068,1.0600000000000023
2024-12-13,158.21,157.52,0.6899999999999977,0.0,-0.10999999999998522,-1.75,2.319999999999993,-0.9300000000000068
2024-12-16,158.64,158.21,0.4299999999999784,0.6899999999999977,0.0,-0.10999999999998522,-1.75,2.319999999999993
2024-12-17,161.13,158.64,2.490000000000009,0.4299999999999784,0.6899999999999977,0.0,-0.10999999999998522,-1.75
2024-12-18,159.73,161.13,-1.4000000000000057,2.490000000000009,0.4299999999999784,0.6899999999999977,0.0,-0.10999999999998522
2024-12-19,155.99,159.73,-3.7399999999999807,-1.4000000000000057,2.490000000000009,0.4299999999999784,0.6899999999999977,0.0
2024-12-20,150.26,155.99,-5.730000000000018,-3.7399999999999807,-1.4000000000000057,2.490000000000009,0.4299999999999784,0.6899999999999977
2024-12-23,154.68,150.26,4.420000000000016,-5.730000000000018,-3.7399999999999807,-1.4000000000000057,2.490000000000009,0.4299999999999784
2024-12-24,155.12,154.68,0.4399999999999977,4.420000000000016,-5.730000000000018,-3.7399999999999807,-1.4000000000000057,2.490000000000009
2024-12-27,156.21,155.12,1.0900000000000034,0.4399999999999977,4.420000000000016,-5.730000000000018,-3.7399999999999807,-1.4000000000000057
2024-12-30,155.08,156.21,-1.1299999999999955,1.0900000000000034,0.4399999999999977,4.420000000000016,-5.730000000000018,-3.7399999999999807
2024-12-31,153.25,155.08,-1.8300000000000125,-1.1299999999999955,1.0900000000000034,0.4399999999999977,4.420000000000016,-5.730000000000018
2025-01-02,153.57,153.25,0.3199999999999932,-1.8300000000000125,-1.1299999999999955,1.0900000000000034,0.4399999999999977,4.420000000000016
2025-01-03,155.03,153.57,1.460000000000008,0.3199999999999932,-1.8300000000000125,-1.1299999999999955,1.0900000000000034,0.4399999999999977
2025-01-06,156.02,155.03,0.9900000000000091,1.460000000000008,0.3199999999999932,-1.8300000000000125,-1.1299999999999955,1.0900000000000034
2025-01-07,157.11,156.02,1.0900000000000034,0.9900000000000091,1.460000000000008,0.3199999999999932,-1.8300000000000125,-1.1299999999999955
2025-01-08,159.75,157.11,2.6399999999999864,1.0900000000000034,0.9900000000000091,1.460000000000008,0.3199999999999932,-1.8300000000000125
2025-01-09,158.79,159.75,-0.960000000000008,2.6399999999999864,1.0900000000000034,0.9900000000000091,1.460000000000008,0.3199999999999932
2025-01-10,156.05,158.79,-2.7399999999999807,-0.960000000000008,2.6399999999999864,1.0900000000000034,0.9900000000000091,1.460000000000008
2025-01-13,152.76,156.05,-3.2900000000000205,-2.7399999999999807,-0.960000000000008,2.6399999999999864,1.0900000000000034,0.9900000000000091
2025-01-14,151.96,152.76,-0.799999999999983,-3.2900000000000205,-2.7399999999999807,-0.960000000000008,2.6399999999999864,1.0900000000000034
2025-01-15,151.27,151.96,-0.6899999999999977,-0.799999999999983,-3.2900000000000205,-2.7399999999999807,-0.960000000000008,2.6399999999999864
2025-01-16,155.75,151.27,4.47999999999999,-0.6899999999999977,-0.799999999999983,-3.2900000000000205,-2.7399999999999807,-0.960000000000008
2025-01-17,153.9,155.75,-1.8499999999999943,4.47999999999999,-0.6899999999999977,-0.799999999999983,-3.2900000000000205,-2.7399999999999807
2025-01-20,155.06,153.9,1.1599999999999966,-1.8499999999999943,4.47999999999999,-0.6899999999999977,-0.799999999999983,-3.2900000000000205
2025-01-21,156.2,155.06,1.1399999999999864,1.1599999999999966,-1.8499999999999943,4.47999999999999,-0.6899999999999977,-0.799999999999983
2025-01-22,157.75,156.2,1.5500000000000114,1.1399999999999864,1.1599999999999966,-1.8499999999999943,4.47999999999999,-0.6899999999999977
2025-01-23,157.85,157.75,0.09999999999999432,1.5500000000000114,1.1399999999999864,1.1599999999999966,-1.8499999999999943,4.47999999999999
2025-01-24,158.65,157.85,0.8000000000000114,0.09999999999999432,1.5500000000000114,1.1399999999999864,1.1599999999999966,-1.8499999999999943
2025-01-28,159.28,158.65,0.6299999999999955,0.8000000000000114,0.09999999999999432,1.5500000000000114,1.1399999999999864,1.1599999999999966
2025-01-29,159.09,159.28,-0.18999999999999773,0.6299999999999955,0.8000000000000114,0.09999999999999432,1.5500000000000114,1.1399999999999864
2025-01-30,160.61,159.09,1.5200000000000102,-0.18999999999999773,0.6299999999999955,0.8000000000000114,0.09999999999999432,1.5500000000000114
2025-01-31,160.56,160.61,-0.05000000000001137,1.5200000000000102,-0.18999999999999773,0.6299999999999955,0.8000000000000114,0.09999999999999432
2025-02-03,158.13,160.56,-2.430000000000007,-0.05000000000001137,1.5200000000000102,-0.18999999999999773,0.6299999999999955,0.8000000000000114
2025-02-04,157.7,158.13,-0.4300000000000068,-2.430000000000007,-0.05000000000001137,1.5200000000000102,-0.18999999999999773,0.6299999999999955
2025-02-05,158.57,157.7,0.8700000000000045,-0.4300000000000068,-2.430000000000007,-0.05000000000001137,1.5200000000000102,-0.18999999999999773
2025-02-06,162.64,158.57,4.069999999999993,0.8700000000000045,-0.4300000000000068,-2.430000000000007,-0.05000000000001137,1.5200000000000102
2025-02-07,162.67,162.64,0.030000000000001137,4.069999999999993,0.8700000000000045,-0.4300000000000068,-2.430000000000007,-0.05000000000001137
2025-02-10,162.83,162.67,0.160000000000025,0.030000000000001137,4.069999999999993,0.8700000000000045,-0.4300000000000068,-2.430000000000007
2025-02-11,162.16,162.83,-0.6700000000000159,0.160000000000025,0.030000000000001137,4.069999999999993,0.8700000000000045,-0.4300000000000068
2025-02-12,165.98,162.16,3.819999999999993,-0.6700000000000159,0.160000000000025,0.030000000000001137,4.069999999999993,0.8700000000000045
2025-02-13,166.72,165.98,0.7400000000000091,3.819999999999993,-0.6700000000000159,0.160000000000025,0.030000000000001137,4.069999999999993
2025-02-14,165.44,166.72,-1.2800000000000011,0.7400000000000091,3.819999999999993,-0.6700000000000159,0.160000000000025,0.030000000000001137
2025-02-17,164.97,165.44,-0.46999999999999886,-1.2800000000000011,0.7400000000000091,3.819999999999993,-0.6700000000000159,0.160000000000025
2025-02-18,162.6,164.97,-2.3700000000000045,-0.46999999999999886,-1.2800000000000011,0.7400000000000091,3.819999999999993,-0.6700000000000159
2025-02-19,158.94,162.6,-3.6599999999999966,-2.3700000000000045,-0.46999999999999886,-1.2800000000000011,0.7400000000000091,3.819999999999993
2025-02-20,155.73,158.94,-3.210000000000008,-3.6599999999999966,-2.3700000000000045,-0.46999999999999886,-1.2800000000000011,0.7400000000000091
2025-02-21,151.73,155.73,-4.0,-3.210000000000008,-3.6599999999999966,-2.3700000000000045,-0.46999999999999886,-1.2800000000000011
2025-02-24,156.23,151.73,4.5,-4.0,-3.210000000000008,-3.6599999999999966,-2.3700000000000045,-0.46999999999999886
2025-02-25,154.27,156.23,-1.9599999999999795,4.5,-4.0,-3.210000000000008,-3.6599999999999966,-2.3700000000000045
2025-02-26,156.26,154.27,1.9899999999999807,-1.9599999999999795,4.5,-4.0,-3.210000000000008,-3.6599999999999966
2025-02-27,156.29,156.26,0.030000000000001137,1.9899999999999807,-1.9599999999999795,4.5,-4.0,-3.210000000000008
2025-02-28,156.74,156.29,0.45000000000001705,0.030000000000001137,1.9899999999999807,-1.9599999999999795,4.5,-4.0
2025-03-03,157.13,156.74,0.38999999999998636,0.45000000000001705,0.030000000000001137,1.9899999999999807,-1.9599999999999795,4.5
2025-03-04,157.76,157.13,0.6299999999999955,0.38999999999998636,0.45000000000001705,0.030000000000001137,1.9899999999999807,-1.9599999999999795
2025-03-05,156.39,157.76,-1.3700000000000045,0.6299999999999955,0.38999999999998636,0.45000000000001705,0.030000000000001137,1.9899999999999807
2025-03-06,153.59,156.39,-2.799999999999983,-1.3700000000000045,0.6299999999999955,0.38999999999998636,0.45000000000001705,0.030000000000001137
2025-03-07,148.5,153.59,-5.090000000000003,-2.799999999999983,-1.3700000000000045,0.6299999999999955,0.38999999999998636,0.45000000000001705
2025-03-10,148.14,148.5,-0.36000000000001364,-5.090000000000003,-2.799999999999983,-1.3700000000000045,0.6299999999999955,0.38999999999998636
2025-03-11,146.92,148.14,-1.2199999999999989,-0.36000000000001364,-5.090000000000003,-2.799999999999983,-1.3700000000000045,0.6299999999999955
2025-03-12,144.8,146.92,-2.119999999999976,-1.2199999999999989,-0.36000000000001364,-5.090000000000003,-2.799999999999983,-1.3700000000000045
2025-03-13,144.0,144.8,-0.8000000000000114,-2.119999999999976,-1.2199999999999989,-0.36000000000001364,-5.090000000000003,-2.799999999999983
2025-03-14,142.36,144.0,-1.6399999999999864,-0.8000000000000114,-2.119999999999976,-1.2199999999999989,-0.36000000000001364,-5.090000000000003
2025-03-17,144.66,142.36,2.299999999999983,-1.6399999999999864,-0.8000000000000114,-2.119999999999976,-1.2199999999999989,-0.36000000000001364
2025-03-18,144.2,144.66,-0.46000000000000796,2.299999999999983,-1.6399999999999864,-0.8000000000000114,-2.119999999999976,-1.2199999999999989
2025-03-19,142.77,144.2,-1.4299999999999784,-0.46000000000000796,2.299999999999983,-1.6399999999999864,-0.8000000000000114,-2.119999999999976
2025-03-20,145.93,142.77,3.1599999999999966,-1.4299999999999784,-0.46000000000000796,2.299999999999983,-1.6399999999999864,-0.8000000000000114
2025-03-21,145.6,145.93,-0.3300000000000125,3.1599999999999966,-1.4299999999999784,-0.46000000000000796,2.299999999999983,-1.6399999999999864
2025-03-24,147.63,145.6,2.030000000000001,-0.3300000000000125,3.1599999999999966,-1.4299999999999784,-0.46000000000000796,2.299999999999983
2025-03-25,148.63,147.63,1.0,2.030000000000001,-0.3300000000000125,3.1599999999999966,-1.4299999999999784,-0.46000000000000796
2025-03-26,150.23,148.63,1.5999999999999943,1.0,2.030000000000001,-0.3300000000000125,3.1599999999999966,-1.4299999999999784
2025-03-27,150.04,150.23,-0.18999999999999773,1.5999999999999943,1.0,2.030000000000001,-0.3300000000000125,3.1599999999999966
2025-03-28,150.43,150.04,0.3900000000000148,-0.18999999999999773,1.5999999999999943,1.0,2.030000000000001,-0.3300000000000125
2025-03-31,150.93,150.43,0.5,0.3900000000000148,-0.18999999999999773,1.5999999999999943,1.0,2.030000000000001
2025-04-01,153.23,150.93,2.299999999999983,0.5,0.3900000000000148,-0.18999999999999773,1.5999999999999943,1.0
2025-04-02,154.82,153.23,1.5900000000000034,2.299999999999983,0.5,0.3900000000000148,-0.18999999999999773,1.5999999999999943
2025-04-03,156.37,154.82,1.5500000000000114,1.5900000000000034,2.299999999999983,0.5,0.3900000000000148,-0.18999999999999773
2025-04-04,154.0,156.37,-2.3700000000000045,1.5500000000000114,1.5900000000000034,2.299999999999983,0.5,0.3900000000000148
2025-04-07,144.41,154.0,-9.590000000000003,-2.3700000000000045,1.5500000000000114,1.5900000000000034,2.299999999999983,0.5
2025-04-08,148.46,144.41,4.050000000000011,-9.590000000000003,-2.3700000000000045,1.5500000000000114,1.5900000000000034,2.299999999999983
2025-04-09,149.14,148.46,0.6799999999999784,4.050000000000011,-9.590000000000003,-2.3700000000000045,1.5500000000000114,1.5900000000000034
2025-04-10,154.53,149.14,5.390000000000015,0.6799999999999784,4.050000000000011,-9.590000000000003,-2.3700000000000045,1.5500000000000114
2025-04-11,154.68,154.53,0.15000000000000568,5.390000000000015,0.6799999999999784,4.050000000000011,-9.590000000000003,-2.3700000000000045
2025-04-14,157.29,154.68,2.609999999999985,0.15000000000000568,5.390000000000015,0.6799999999999784,4.050000000000011,-9.590000000000003
2025-04-15,158.04,157.29,0.75,2.609999999999985,0.15000000000000568,5.390000000000015,0.6799999999999784,4.050000000000011
2025-04-16,159.32,158.04,1.2800000000000011,0.75,2.609999999999985,0.15000000000000568,5.390000000000015,0.6799999999999784
2025-04-17,161.25,159.32,1.9300000000000068,1.2800000000000011,0.75,2.609999999999985,0.15000000000000568,5.390000000000015
2025-04-22,168.0,161.25,6.75,1.9300000000000068,1.2800000000000011,0.75,2.609999999999985,0.15000000000000568
2025-04-23,163.77,168.0,-4.22999999999999,6.75,1.9300000000000068,1.2800000000000011,0.75,2.609999999999985
2025-04-24,164.72,163.77,0.9499999999999886,-4.22999999999999,6.75,1.9300000000000068,1.2800000000000011,0.75
2025-04-28,162.85,164.72,-1.8700000000000045,0.9499999999999886,-4.22999999999999,6.75,1.9300000000000068,1.2800000000000011
2025-04-29,162.98,162.85,0.12999999999999545,-1.8700000000000045,0.9499999999999886,-4.22999999999999,6.75,1.9300000000000068
2025-04-30,166.6,162.98,3.6200000000000045,0.12999999999999545,-1.8700000000000045,0.9499999999999886,-4.22999999999999,6.75
2025-05-01,167.25,166.6,0.6500000000000057,3.6200000000000045,0.12999999999999545,-1.8700000000000045,0.9499999999999886,-4.22999999999999
2025-05-02,169.66,167.25,2.4099999999999966,0.6500000000000057,3.6200000000000045,0.12999999999999545,-1.8700000000000045,0.9499999999999886
2025-05-05,166.93,169.66,-2.7299999999999898,2.4099999999999966,0.6500000000000057,3.6200000000000045,0.12999999999999545,-1.8700000000000045
2025-05-06,166.74,166.93,-0.18999999999999773,-2.7299999999999898,2.4099999999999966,0.6500000000000057,3.6200000000000045,0.12999999999999545
2025-05-07,165.96,166.74,-0.7800000000000011,-0.18999999999999773,-2.7299999999999898,2.4099999999999966,0.6500000000000057,3.6200000000000045
2025-05-08,165.51,165.96,-0.45000000000001705,-0.7800000000000011,-0.18999999999999773,-2.7299999999999898,2.4099999999999966,0.6500000000000057
2025-05-09,167.04,165.51,1.5300000000000011,-0.45000000000001705,-0.7800000000000011,-0.18999999999999773,-2.7299999999999898,2.4099999999999966
2025-05-12,167.18,167.04,0.14000000000001478,1.5300000000000011,-0.45000000000001705,-0.7800000000000011,-0.18999999999999773,-2.7299999999999898
2025-05-13,166.14,167.18,-1.0400000000000205,0.14000000000001478,1.5300000000000011,-0.45000000000001705,-0.7800000000000011,-0.18999999999999773
2025-05-14,167.5,166.14,1.3600000000000136,-1.0400000000000205,0.14000000000001478,1.5300000000000011,-0.45000000000001705,-0.7800000000000011
2025-05-15,169.74,167.5,2.240000000000009,1.3600000000000136,-1.0400000000000205,0.14000000000001478,1.5300000000000011,-0.45000000000001705
2025-05-16,169.66,169.74,-0.0800000000000125,2.240000000000009,1.3600000000000136,-1.0400000000000205,0.14000000000001478,1.5300000000000011
2025-05-19,171.36,169.66,1.700000000000017,-0.0800000000000125,2.240000000000009,1.3600000000000136,-1.0400000000000205,0.14000000000001478
2025-05-20,172.43,171.36,1.0699999999999932,1.700000000000017,-0.0800000000000125,2.240000000000009,1.3600000000000136,-1.0400000000000205
2025-05-21,174.98,172.43,2.549999999999983,1.0699999999999932,1.700000000000017,-0.0800000000000125,2.240000000000009,1.3600000000000136
2025-05-22,172.72,174.98,-2.259999999999991,2.549999999999983,1.0699999999999932,1.700000000000017,-0.0800000000000125,2.240000000000009
2025-05-23,173.84,172.72,1.1200000000000045,-2.259999999999991,2.549999999999983,1.0699999999999932,1.700000000000017,-0.0800000000000125
2025-05-26,173.88,173.84,0.03999999999999204,1.1200000000000045,-2.259999999999991,2.549999999999983,1.0699999999999932,1.700000000000017
2025-05-27,175.34,173.88,1.460000000000008,0.03999999999999204,1.1200000000000045,-2.259999999999991,2.549999999999983,1.0699999999999932
2025-05-28,173.79,175.34,-1.5500000000000114,1.460000000000008,0.03999999999999204,1.1200000000000045,-2.259999999999991,2.549999999999983
2025-05-29,174.44,173.79,0.6500000000000057,-1.5500000000000114,1.460000000000008,0.03999999999999204,1.1200000000000045,-2.259999999999991
2025-05-30,175.95,174.44,1.509999999999991,0.6500000000000057,-1.5500000000000114,1.460000000000008,0.03999999999999204,1.1200000000000045
2025-06-02,176.42,175.95,0.46999999999999886,1.509999999999991,0.6500000000000057,-1.5500000000000114,1.460000000000008,0.03999999999999204
2025-06-03,178.64,176.42,2.219999999999999,0.46999999999999886,1.509999999999991,0.6500000000000057,-1.5500000000000114,1.460000000000008
2025-06-04,181.1,178.64,2.460000000000008,2.219999999999999,0.46999999999999886,1.509999999999991,0.6500000000000057,-1.5500000000000114
2025-06-05,181.34,181.1,0.2400000000000091,2.460000000000008,2.219999999999999,0.46999999999999886,1.509999999999991,0.6500000000000057
2025-06-06,179.9,181.34,-1.4399999999999977,0.2400000000000091,2.460000000000008,2.219999999999999,0.46999999999999886,1.509999999999991
2025-06-10,182.0,179.9,2.0999999999999943,-1.4399999999999977,0.2400000000000091,2.460000000000008,2.219999999999999,0.46999999999999886
2025-06-11,181.4,182.0,-0.5999999999999943,2.0999999999999943,-1.4399999999999977,0.2400000000000091,2.460000000000008,2.219999999999999
2025-06-12,180.53,181.4,-0.8700000000000045,-0.5999999999999943,2.0999999999999943,-1.4399999999999977,0.2400000000000091,2.460000000000008
2025-06-13,179.35,180.53,-1.1800000000000068,-0.8700000000000045,-0.5999999999999943,2.0999999999999943,-1.4399999999999977,0.2400000000000091
2025-06-16,179.41,179.35,0.060000000000002274,-1.1800000000000068,-0.8700000000000045,-0.5999999999999943,2.0999999999999943,-1.4399999999999977
2025-06-17,179.14,179.41,-0.27000000000001023,0.060000000000002274,-1.1800000000000068,-0.8700000000000045,-0.5999999999999943,2.0999999999999943
2025-06-18,180.18,179.14,1.0400000000000205,-0.27000000000001023,0.060000000000002274,-1.1800000000000068,-0.8700000000000045,-0.5999999999999943
2025-06-19,182.85,180.18,2.6699999999999875,1.0400000000000205,-0.27000000000001023,0.060000000000002274,-1.1800000000000068,-0.8700000000000045
2025-06-20,182.53,182.85,-0.3199999999999932,2.6699999999999875,1.0400000000000205,-0.27000000000001023,0.060000000000002274,-1.1800000000000068
2025-06-23,184.35,182.53,1.8199999999999932,-0.3199999999999932,2.6699999999999875,1.0400000000000205,-0.27000000000001023,0.060000000000002274
2025-06-24,188.13,184.35,3.780000000000001,1.8199999999999932,-0.3199999999999932,2.6699999999999875,1.0400000000000205,-0.27000000000001023
2025-06-25,191.4,188.13,3.2700000000000102,3.780000000000001,1.8199999999999932,-0.3199999999999932,2.6699999999999875,1.0400000000000205
2025-06-26,190.71,191.4,-0.6899999999999977,3.2700000000000102,3.780000000000001,1.8199999999999932,-0.3199999999999932,2.6699999999999875
2025-06-27,185.36,190.71,-5.349999999999994,-0.6899999999999977,3.2700000000000102,3.780000000000001,1.8199999999999932,-0.3199999999999932
2025-06-30,184.75,185.36,-0.6100000000000136,-5.349999999999994,-0.6899999999999977,3.2700000000000102,3.780000000000001,1.8199999999999932
2025-07-01,182.58,184.75,-2.1699999999999875,-0.6100000000000136,-5.349999999999994,-0.6899999999999977,3.2700000000000102,3.780000000000001
2025-07-02,183.67,182.58,1.089999999999975,-2.1699999999999875,-0.6100000000000136,-5.349999999999994,-0.6899999999999977,3.2700000000000102
2025-07-03,179.69,183.67,-3.9799999999999898,1.089999999999975,-2.1699999999999875,-0.6100000000000136,-5.349999999999994,-0.6899999999999977
2025-07-04,178.0,179.69,-1.6899999999999977,-3.9799999999999898,1.089999999999975,-2.1699999999999875,-0.6100000000000136,-5.349999999999994
2025-07-07,177.81,178.0,-0.18999999999999773,-1.6899999999999977,-3.9799999999999898,1.089999999999975,-2.1699999999999875,-0.6100000000000136
2025-07-08,179.28,177.81,1.4699999999999989,-0.18999999999999773,-1.6899999999999977,-3.9799999999999898,1.089999999999975,-2.1699999999999875
2025-07-09,178.9,179.28,-0.37999999999999545,1.4699999999999989,-0.18999999999999773,-1.6899999999999977,-3.9799999999999898,1.089999999999975
2025-07-10,180.37,178.9,1.4699999999999989,-0.37999999999999545,1.4699999999999989,-0.18999999999999773,-1.6899999999999977,-3.9799999999999898
2025-07-11,179.42,180.37,-0.950000000000017,1.4699999999999989,-0.37999999999999545,1.4699999999999989,-0.18999999999999773,-1.6899999999999977
2025-07-14,178.72,179.42,-0.6999999999999886,-0.950000000000017,1.4699999999999989,-0.37999999999999545,1.4699999999999989,-0.18999999999999773
2025-07-15,179.76,178.72,1.039999999999992,-0.6999999999999886,-0.950000000000017,1.4699999999999989,-0.37999999999999545,1.4699999999999989
2025-07-16,177.57,179.76,-2.1899999999999977,1.039999999999992,-0.6999999999999886,-0.950000000000017,1.4699999999999989,-0.37999999999999545
2025-07-17,180.8,177.57,3.230000000000018,-2.1899999999999977,1.039999999999992,-0.6999999999999886,-0.950000000000017,1.4699999999999989
2025-07-18,182.46,180.8,1.6599999999999966,3.230000000000018,-2.1899999999999977,1.039999999999992,-0.6999999999999886,-0.950000000000017
2025-07-21,177.87,182.46,-4.590000000000003,1.6599999999999966,3.230000000000018,-2.1899999999999977,1.039999999999992,-0.6999999999999886
2025-07-22,172.42,177.87,-5.450000000000017,-4.590000000000003,1.6599999999999966,3.230000000000018,-2.1899999999999977,1.039999999999992
2025-07-23,173.3,172.42,0.8800000000000239,-5.450000000000017,-4.590000000000003,1.6599999999999966,3.230000000000018,-2.1899999999999977
2025-07-24,173.47,173.3,0.1699999999999875,0.8800000000000239,-5.450000000000017,-4.590000000000003,1.6599999999999966,3.230000000000018
2025-07-25,172.87,173.47,-0.5999999999999943,0.1699999999999875,0.8800000000000239,-5.450000000000017,-4.590000000000003,1.6599999999999966
2025-07-28,174.9,172.87,2.030000000000001,-0.5999999999999943,0.1699999999999875,0.8800000000000239,-5.450000000000017,-4.590000000000003
2025-07-29,174.29,174.9,-0.6100000000000136,2.030000000000001,-0.5999999999999943,0.1699999999999875,0.8800000000000239,-5.450000000000017
2025-07-30,176.99,174.29,2.700000000000017,-0.6100000000000136,2.030000000000001,-0.5999999999999943,0.1699999999999875,0.8800000000000239
2025-07-31,177.91,176.99,0.9199999999999875,2.700000000000017,-0.6100000000000136,2.030000000000001,-0.5999999999999943,0.1699999999999875
2025-08-01,175.06,177.91,-2.8499999999999943,0.9199999999999875,2.700000000000017,-0.6100000000000136,2.030000000000001,-0.5999999999999943
2025-08-04,174.93,175.06,-0.12999999999999545,-2.8499999999999943,0.9199999999999875,2.700000000000017,-0.6100000000000136,2.030000000000001
2025-08-05,177.34,174.93,2.4099999999999966,-0.12999999999999545,-2.8499999999999943,0.9199999999999875,2.700000000000017,-0.6100000000000136
2025-08-06,179.08,177.34,1.740000000000009,2.4099999999999966,-0.12999999999999545,-2.8499999999999943,0.9199999999999875,2.700000000000017
2025-08-07,178.13,179.08,-0.950000000000017,1.740000000000009,2.4099999999999966,-0.12999999999999545,-2.8499999999999943,0.9199999999999875
2025-08-08,176.61,178.13,-1.5199999999999818,-0.950000000000017,1.740000000000009,2.4099999999999966,-0.12999999999999545,-2.8499999999999943
2025-08-11,178.6,176.61,1.9899999999999807,-1.5199999999999818,-0.950000000000017,1.740000000000009,2.4099999999999966,-0.12999999999999545
2025-08-12,178.8,178.6,0.20000000000001705,1.9899999999999807,-1.5199999999999818,-0.950000000000017,1.740000000000009,2.4099999999999966
2025-08-13,169.12,178.8,-9.680000000000007,0.20000000000001705,1.9899999999999807,-1.5199999999999818,-0.950000000000017,1.740000000000009
2025-08-14,167.21,169.12,-1.9099999999999966,-9.680000000000007,0.20000000000001705,1.9899999999999807,-1.5199999999999818,-0.950000000000017
2025-08-15,168.17,167.21,0.9599999999999795,-1.9099999999999966,-9.680000000000007,0.20000000000001705,1.9899999999999807,-1.5199999999999818
2025-08-18,170.19,168.17,2.0200000000000102,0.9599999999999795,-1.9099999999999966,-9.680000000000007,0.20000000000001705,1.9899999999999807
2025-08-19,171.05,170.19,0.8600000000000136,2.0200000000000102,0.9599999999999795,-1.9099999999999966,-9.680000000000007,0.20000000000001705
2025-08-20,172.4,171.05,1.3499999999999943,0.8600000000000136,2.0200000000000102,0.9599999999999795,-1.9099999999999966,-9.680000000000007
2025-08-21,173.8,172.4,1.4000000000000057,1.3499999999999943,0.8600000000000136,2.0200000000000102,0.9599999999999795,-1.9099999999999966
2025-08-22,172.84,173.8,-0.960000000000008,1.4000000000000057,1.3499999999999943,0.8600000000000136,2.0200000000000102,0.9599999999999795
2025-08-25,170.3,172.84,-2.539999999999992,-0.960000000000008,1.4000000000000057,1.3499999999999943,0.8600000000000136,2.0200000000000102
2025-08-26,169.08,170.3,-1.2199999999999989,-2.539999999999992,-0.960000000000008,1.4000000000000057,1.3499999999999943,0.8600000000000136
2025-08-27,169.83,169.08,0.75,-1.2199999999999989,-2.539999999999992,-0.960000000000008,1.4000000000000057,1.3499999999999943
2025-08-28,173.35,169.83,3.519999999999982,0.75,-1.2199999999999989,-2.539999999999992,-0.960000000000008,1.4000000000000057
2025-08-29,170.3,173.35,-3.049999999999983,3.519999999999982,0.75,-1.2199999999999989,-2.539999999999992,-0.960000000000008
2025-09-01,168.95,170.3,-1.3500000000000227,-3.049999999999983,3.519999999999982,0.75,-1.2199999999999989,-2.539999999999992
2025-09-02,170.46,168.95,1.5100000000000193,-1.3500000000000227,-3.049999999999983,3.519999999999982,0.75,-1.2199999999999989
2025-09-03,164.55,170.46,-5.909999999999997,1.5100000000000193,-1.3500000000000227,-3.049999999999983,3.519999999999982,0.75
2025-09-04,168.0,164.55,3.4499999999999886,-5.909999999999997,1.5100000000000193,-1.3500000000000227,-3.049999999999983,3.519999999999982
2025-09-05,168.14,168.0,0.13999999999998636,3.4499999999999886,-5.909999999999997,1.5100000000000193,-1.3500000000000227,-3.049999999999983
2025-09-08,168.24,168.14,0.10000000000002274,0.13999999999998636,3.4499999999999886,-5.909999999999997,1.5100000000000193,-1.3500000000000227
2025-09-09,166.08,168.24,-2.1599999999999966,0.10000000000002274,0.13999999999998636,3.4499999999999886,-5.909999999999997,1.5100000000000193
2025-09-10,168.54,166.08,2.4599999999999795,-2.1599999999999966,0.10000000000002274,0.13999999999998636,3.4499999999999886,-5.909999999999997
2025-09-11,167.77,168.54,-0.7699999999999818,2.4599999999999795,-2.1599999999999966,0.10000000000002274,0.13999999999998636,3.4499999999999886
2025-09-12,169.97,167.77,2.1999999999999886,-0.7699999999999818,2.4599999999999795,-2.1599999999999966,0.10000000000002274,0.13999999999998636
2025-09-15,168.9,169.97,-1.0699999999999932,2.1999999999999886,-0.7699999999999818,2.4599999999999795,-2.1599999999999966,0.10000000000002274
2025-09-16,168.33,168.9,-0.5699999999999932,-1.0699999999999932,2.1999999999999886,-0.7699999999999818,2.4599999999999795,-2.1599999999999966
2025-09-17,168.15,168.33,-0.18000000000000682,-0.5699999999999932,-1.0699999999999932,2.1999999999999886,-0.7699999999999818,2.4599999999999795
2025-09-18,164.33,168.15,-3.819999999999993,-0.18000000000000682,-0.5699999999999932,-1.0699999999999932,2.1999999999999886,-0.7699999999999818
2025-09-19,166.17,164.33,1.839999999999975,-3.819999999999993,-0.18000000000000682,-0.5699999999999932,-1.0699999999999932,2.1999999999999886
2025-09-22,165.57,166.17,-0.5999999999999943,1.839999999999975,-3.819999999999993,-0.18000000000000682,-0.5699999999999932,-1.0699999999999932
2025-09-23,166.87,165.57,1.3000000000000114,-0.5999999999999943,1.839999999999975,-3.819999999999993,-0.18000000000000682,-0.5699999999999932
2025-09-24,164.53,166.87,-2.3400000000000034,1.3000000000000114,-0.5999999999999943,1.839999999999975,-3.819999999999993,-0.18000000000000682
2025-09-25,163.74,164.53,-0.789999999999992,-2.3400000000000034,1.3000000000000114,-0.5999999999999943,1.839999999999975,-3.819999999999993
2025-09-26,164.88,163.74,1.1399999999999864,-0.789999999999992,-2.3400000000000034,1.3000000000000114,-0.5999999999999943,1.839999999999975
2025-09-29,168.43,164.88,3.5500000000000114,1.1399999999999864,-0.789999999999992,-2.3400000000000034,1.3000000000000114,-0.5999999999999943
2025-09-30,166.9,168.43,-1.5300000000000011,3.5500000000000114,1.1399999999999864,-0.789999999999992,-2.3400000000000034,1.3000000000000114
2025-10-01,167.06,166.9,0.1599999999999966,-1.5300000000000011,3.5500000000000114,1.1399999999999864,-0.789999999999992,-2.3400000000000034
2025-10-02,169.82,167.06,2.759999999999991,0.1599999999999966,-1.5300000000000011,3.5500000000000114,1.1399999999999864,-0.789999999999992
2025-10-03,170.38,169.82,0.5600000000000023,2.759999999999991,0.1599999999999966,-1.5300000000000011,3.5500000000000114,1.1399999999999864
2025-10-06,169.96,170.38,-0.4199999999999875,0.5600000000000023,2.759999999999991,0.1599999999999966,-1.5300000000000011,3.5500000000000114
2025-10-07,169.34,169.96,-0.6200000000000045,-0.4199999999999875,0.5600000000000023,2.759999999999991,0.1599999999999966,-1.5300000000000011
2025-10-08,169.42,169.34,0.07999999999998408,-0.6200000000000045,-0.4199999999999875,0.5600000000000023,2.759999999999991,0.1599999999999966
2025-10-09,167.31,169.42,-2.109999999999985,0.07999999999998408,-0.6200000000000045,-0.4199999999999875,0.5600000000000023,2.759999999999991
2025-10-10,168.34,167.31,1.0300000000000011,-2.109999999999985,0.07999999999998408,-0.6200000000000045,-0.4199999999999875,0.5600000000000023
2025-10-13,165.19,168.34,-3.1500000000000057,1.0300000000000011,-2.109999999999985,0.07999999999998408,-0.6200000000000045,-0.4199999999999875
2025-10-14,164.4,165.19,-0.789999999999992,-3.1500000000000057,1.0300000000000011,-2.109999999999985,0.07999999999998408,-0.6200000000000045
2025-10-15,166.78,164.4,2.3799999999999955,-0.789999999999992,-3.1500000000000057,1.0300000000000011,-2.109999999999985,0.07999999999998408
2025-10-16,168.1,166.78,1.3199999999999932,2.3799999999999955,-0.789999999999992,-3.1500000000000057,1.0300000000000011,-2.109999999999985
2025-10-17,168.32,168.1,0.21999999999999886,1.3199999999999932,2.3799999999999955,-0.789999999999992,-3.1500000000000057,1.0300000000000011
2025-10-20,172.7,168.32,4.3799999999999955,0.21999999999999886,1.3199999999999932,2.3799999999999955,-0.789999999999992,-3.1500000000000057
2025-10-21,173.56,172.7,0.8600000000000136,4.3799999999999955,0.21999999999999886,1.3199999999999932,2.3799999999999955,-0.789999999999992
2025-10-22,174.15,173.56,0.5900000000000034,0.8600000000000136,4.3799999999999955,0.21999999999999886,1.3199999999999932,2.3799999999999955
2025-10-23,171.66,174.15,-2.490000000000009,0.5900000000000034,0.8600000000000136,4.3799999999999955,0.21999999999999886,1.3199999999999932
2025-10-24,170.37,171.66,-1.289999999999992,-2.490000000000009,0.5900000000000034,0.8600000000000136,4.3799999999999955,0.21999999999999886
2025-10-27,171.67,170.37,1.299999999999983,-1.289999999999992,-2.490000000000009,0.5900000000000034,0.8600000000000136,4.3799999999999955
2025-10-28,174.02,171.67,2.3500000000000227,1.299999999999983,-1.289999999999992,-2.490000000000009,0.5900000000000034,0.8600000000000136
2025-10-29,170.4,174.02,-3.6200000000000045,2.3500000000000227,1.299999999999983,-1.289999999999992,-2.490000000000009,0.5900000000000034
2025-10-30,170.53,170.4,0.12999999999999545,-3.6200000000000045,2.3500000000000227,1.299999999999983,-1.289999999999992,-2.490000000000009
2025-10-31,171.64,170.53,1.1099999999999852,0.12999999999999545,-3.6200000000000045,2.3500000000000227,1.299999999999983,-1.289999999999992
